mean_r,mean_g,mean_b,std_r,std_g,std_b,brightness,contrast,sharpness,target,class_name
-1.657960057258606,-1.5655038356781006,-1.3363239765167236,0.6150503754615784,0.6287791728973389,0.6259846091270447,26.84729766845703,36.553367614746094,57.24085998535156,0,glioma_tumor
-1.5919511318206787,-1.4980213642120361,-1.2691413164138794,0.6825183629989624,0.6977531313896179,0.6946520209312439,30.692062377929688,40.666690826416016,79.31838989257812,0,glioma_tumor
-1.3287394046783447,-1.2289342880249023,-1.0012502670288086,0.7969751954078674,0.8147647976875305,0.811143696308136,46.05693435668945,47.04293441772461,51.66632080078125,0,glioma_tumor
-1.3206562995910645,-1.2206707000732422,-0.9930233955383301,0.7355190515518188,0.7519369125366211,0.7485949993133545,46.5333366394043,43.65028381347656,59.81230163574219,0,glioma_tumor
-1.3467494249343872,-1.2473464012145996,-1.0195804834365845,0.6903342008590698,0.7057434916496277,0.7026068568229675,45.0059700012207,41.04495620727539,56.40959167480469,0,glioma_tumor
-1.475405216217041,-1.3788738250732422,-1.1505235433578491,0.6521912217140198,0.6667490601539612,0.6637857556343079,37.49161148071289,38.45490264892578,29.655487060546875,0,glioma_tumor
-1.2777845859527588,-1.1768420934677124,-0.9493895769119263,0.8011860251426697,0.8190696239471436,0.8154293894767761,49.031307220458984,47.257774353027344,39.57685089111328,0,glioma_tumor
-1.2684983015060425,-1.1673486232757568,-0.9399381875991821,0.7835978865623474,0.8010888695716858,0.7975285053253174,49.57516098022461,46.40898132324219,51.64430236816406,0,glioma_tumor
-1.2438310384750366,-1.1421306133270264,-0.9148322939872742,0.783208966255188,0.8006913065910339,0.7971327304840088,51.02016830444336,46.41416931152344,50.81480407714844,0,glioma_tumor
-1.3967907428741455,-1.2985044717788696,-1.0705113410949707,0.617870032787323,0.6316618323326111,0.6288544535636902,42.08125686645508,36.76556396484375,44.501731872558594,0,glioma_tumor
-1.213321328163147,-1.1109399795532227,-0.8837804198265076,0.7577800154685974,0.7746947407722473,0.7712516784667969,52.799652099609375,44.67393112182617,52.28431701660156,0,glioma_tumor
-1.2010849714279175,-1.0984303951263428,-0.8713262677192688,0.6936209201812744,0.709103524684906,0.7059519290924072,53.51411056518555,40.95949172973633,47.92182159423828,0,glioma_tumor
-1.5285924673080444,-1.4332482814788818,-1.2046563625335693,0.7273086309432983,0.7435431480407715,0.7402385473251343,34.39915466308594,43.1629638671875,80.05677032470703,0,glioma_tumor
-1.1332204341888428,-1.0290511846542358,-0.8022552728652954,0.6831849813461304,0.6984346508979797,0.6953305006027222,57.48100280761719,40.49898147583008,61.85936737060547,0,glioma_tumor
-0.9388440251350403,-0.8303359746932983,-0.6044234037399292,0.7148135900497437,0.7307692766189575,0.7275214195251465,68.82505798339844,42.41172790527344,70.87174987792969,0,glioma_tumor
-1.0993810892105103,-0.99445641040802,-0.7678144574165344,0.6104880571365356,0.6241150498390198,0.6213412284851074,59.454185485839844,36.55946350097656,85.00106048583984,0,glioma_tumor
-1.0938254594802856,-0.9887768626213074,-0.7621601819992065,0.610142707824707,0.6237619519233704,0.6209897398948669,59.78066635131836,36.80681610107422,107.30570220947266,0,glioma_tumor
-1.23988938331604,-1.1381009817123413,-0.9108206033706665,0.5347193479537964,0.5466550588607788,0.5442254543304443,51.249114990234375,31.895727157592773,53.28517150878906,0,glioma_tumor
-1.0786710977554321,-0.973284125328064,-0.7467362284660339,0.687353253364563,0.702695906162262,0.6995728611946106,60.66537857055664,40.843963623046875,67.1519775390625,0,glioma_tumor
-1.4673521518707275,-1.3706411123275757,-1.1423271894454956,0.687221348285675,0.7025611400604248,0.6994386911392212,37.96125411987305,40.67686462402344,45.719970703125,0,glioma_tumor
-1.5188548564910889,-1.4232935905456543,-1.194745659828186,0.6821368932723999,0.6973631978034973,0.6942638158798218,34.957942962646484,40.31538009643555,42.658050537109375,0,glioma_tumor
-1.4878958463668823,-1.3916434049606323,-1.163236379623413,0.7161634564399719,0.7321492433547974,0.7288953065872192,36.76813507080078,42.614532470703125,82.30358123779297,0,glioma_tumor
-1.5034199953079224,-1.407513976097107,-1.1790363788604736,0.7098910808563232,0.7257368564605713,0.7225114107131958,35.85941696166992,42.17945098876953,67.24219512939453,0,glioma_tumor
-1.5335514545440674,-1.4383180141448975,-1.2097034454345703,0.7193146347999573,0.7353707551956177,0.7321024537086487,34.11115646362305,42.7303352355957,83.94144439697266,0,glioma_tumor
-1.3291995525360107,-1.2294046878814697,-1.0017184019088745,0.8507594466209412,0.8697496056556702,0.8658841252326965,46.02965545654297,50.12137222290039,43.03157043457031,0,glioma_tumor
-1.3803969621658325,-1.2817449569702148,-1.0538262128829956,0.7705748677253723,0.7877751588821411,0.7842739820480347,43.042781829833984,45.58744812011719,53.70447540283203,0,glioma_tumor
-1.4856584072113037,-1.389356017112732,-1.1609588861465454,0.6421259641647339,0.6564591526985168,0.6535415649414062,36.896705627441406,38.07547378540039,41.06072998046875,0,glioma_tumor
-1.3830552101135254,-1.284462571144104,-1.0565317869186401,0.7180885672569275,0.734117329120636,0.7308546304702759,42.889732360839844,42.705623626708984,61.93193054199219,0,glioma_tumor
-1.3800337314605713,-1.2813736200332642,-1.0534565448760986,0.7020875811576843,0.7177591919898987,0.7145691514015198,43.06465530395508,41.86174774169922,70.38030242919922,0,glioma_tumor
-1.445357322692871,-1.3481553792953491,-1.1199415922164917,0.6524834632873535,0.6670477986335754,0.6640831828117371,39.25160217285156,39.063697814941406,77.1837158203125,0,glioma_tumor
-1.2152172327041626,-1.1128783226013184,-0.8857099413871765,0.8516104221343994,0.8706195950508118,0.866750180721283,52.689605712890625,50.26652526855469,54.44084167480469,0,glioma_tumor
-1.3429266214370728,-1.2434381246566772,-1.015689730644226,0.7317514419555664,0.7480851411819458,0.7447603344917297,45.23286056518555,43.26311492919922,44.68305206298828,0,glioma_tumor
-1.3980274200439453,-1.2997691631317139,-1.0717700719833374,0.7820321917533875,0.7994882464408875,0.7959350347518921,42.01487350463867,46.40000915527344,75.7294921875,0,glioma_tumor
-1.4272998571395874,-1.3296947479248047,-1.1015629768371582,0.7168325185775757,0.732833206653595,0.7295762300491333,40.31202697753906,42.542564392089844,58.486724853515625,0,glioma_tumor
-1.546528697013855,-1.451585054397583,-1.2229115962982178,0.698638379573822,0.7142329812049866,0.7110586762428284,33.35211944580078,41.467933654785156,74.33812713623047,0,glioma_tumor
-1.4437025785446167,-1.3464635610580444,-1.1182571649551392,0.6816165447235107,0.696831226348877,0.6937342286109924,39.35490417480469,40.452919006347656,52.98670196533203,0,glioma_tumor
-1.5420335531234741,-1.4469895362854004,-1.2183363437652588,0.5811718702316284,0.5941444635391235,0.5915038585662842,33.611629486083984,34.586387634277344,49.99855041503906,0,glioma_tumor
-1.364911437034607,-1.2659138441085815,-1.0380654335021973,0.75457364320755,0.7714167833328247,0.7679883241653442,43.956722259521484,44.88711929321289,79.6801986694336,0,glioma_tumor
-1.328577995300293,-1.228769302368164,-1.0010859966278076,0.7894001603126526,0.8070207238197327,0.8034340143203735,46.07872772216797,46.97173309326172,85.68241119384766,0,glioma_tumor
-1.3116047382354736,-1.2114171981811523,-0.9838110208511353,0.8098882436752319,0.8279660940170288,0.8242862820625305,47.06734848022461,48.077430725097656,74.19113159179688,0,glioma_tumor
-1.4024288654327393,-1.304268479347229,-1.0762497186660767,0.7418793439865112,0.7584391832351685,0.7550683617591858,41.761131286621094,43.95539093017578,51.7657470703125,0,glioma_tumor
-1.3984214067459106,-1.3001716136932373,-1.0721710920333862,0.7792497873306274,0.7966437339782715,0.7931030988693237,41.99699401855469,46.021949768066406,38.86955261230469,0,glioma_tumor
-1.4048622846603394,-1.3067562580108643,-1.0787264108657837,0.7684959769248962,0.7856498956680298,0.7821581363677979,41.6162223815918,45.554466247558594,65.13162231445312,0,glioma_tumor
-1.3864226341247559,-1.287904977798462,-1.059958815574646,0.7663772106170654,0.7834838628768921,0.7800017595291138,42.69231414794922,45.476539611816406,69.4358139038086,0,glioma_tumor
-1.473014235496521,-1.376429557800293,-1.1480900049209595,0.7296532988548279,0.7459402084350586,0.7426249384880066,37.63627624511719,43.17385482788086,46.34351348876953,0,glioma_tumor
-1.6201554536819458,-1.5268549919128418,-1.297847032546997,0.6824148297309875,0.6976472735404968,0.6945466995239258,29.05190658569336,40.55276107788086,63.75218963623047,0,glioma_tumor
-1.4353349208831787,-1.3379093408584595,-1.1097408533096313,0.7441735863685608,0.7607845664024353,0.7574033737182617,39.83399963378906,44.06601333618164,56.57965850830078,0,glioma_tumor
-1.5457892417907715,-1.450829029083252,-1.222158670425415,0.6913737654685974,0.7068061828613281,0.7036648988723755,33.38792419433594,40.907073974609375,43.014503479003906,0,glioma_tumor
-1.3832244873046875,-1.2846357822418213,-1.056704044342041,0.6656896471977234,0.6805487275123596,0.6775241494178772,42.881168365478516,39.556060791015625,58.662353515625,0,glioma_tumor
-1.458199381828308,-1.3612838983535767,-1.1330116987228394,0.5715941786766052,0.584352970123291,0.5817558765411377,38.4969482421875,34.320987701416016,67.14759063720703,0,glioma_tumor
-1.4023914337158203,-1.3042302131652832,-1.0762114524841309,0.6101367473602295,0.6237558722496033,0.6209836602210999,41.75958251953125,36.59927749633789,73.6825180053711,0,glioma_tumor
-1.4535109996795654,-1.356490969657898,-1.1282398700714111,0.5819393992424011,0.5949290990829468,0.5922849774360657,38.77050018310547,34.784732818603516,54.797523498535156,0,glioma_tumor
-1.3202762603759766,-1.2202823162078857,-0.9926367998123169,0.7126466035842896,0.7285538911819458,0.7253159284591675,46.55350875854492,41.9753303527832,32.5594482421875,0,glioma_tumor
-1.300864577293396,-1.200437307357788,-0.9728798270225525,0.6878178119659424,0.703170895576477,0.7000457048416138,47.68961715698242,40.68985366821289,41.52760314941406,0,glioma_tumor
-1.3127340078353882,-1.2125717401504517,-0.9849604368209839,0.6489007472991943,0.6633850932121277,0.660436749458313,46.9960823059082,38.55066680908203,43.94685363769531,0,glioma_tumor
-1.5490065813064575,-1.454118251800537,-1.225433349609375,0.46671414375305176,0.4771319031715393,0.47501131892204285,33.19679641723633,27.92970085144043,35.723365783691406,0,glioma_tumor
-1.6315866708755493,-1.538541555404663,-1.3094817399978638,0.670078456401825,0.6850355863571167,0.6819909811019897,28.381656646728516,39.973873138427734,81.56391906738281,0,glioma_tumor
-1.3654260635375977,-1.2664400339126587,-1.0385891199111938,0.5912187099456787,0.6044155359268188,0.6017292737960815,43.92356872558594,35.54597473144531,66.64751434326172,0,glioma_tumor
-1.3617745637893677,-1.2627068758010864,-1.0348726511001587,0.5864202380180359,0.5995099544525146,0.5968455076217651,44.130897521972656,35.33509063720703,72.11798858642578,0,glioma_tumor
-1.3757091760635376,-1.2769527435302734,-1.0490550994873047,0.575458824634552,0.5883038640022278,0.5856892466545105,43.3178825378418,34.7524299621582,72.35523223876953,0,glioma_tumor
-1.4403817653656006,-1.3430685997009277,-1.1148772239685059,0.5464537143707275,0.558651328086853,0.5561684966087341,39.54240417480469,32.83549118041992,51.00304412841797,0,glioma_tumor
-1.3692198991775513,-1.2703183889389038,-1.0424503087997437,0.6263046264648438,0.6402846574783325,0.637438952922821,43.69792175292969,37.413516998291016,48.50824737548828,0,glioma_tumor
-1.4548635482788086,-1.3578736782073975,-1.1296164989471436,0.8087618947029114,0.8268146514892578,0.8231399655342102,38.69204330444336,47.58763122558594,38.73052215576172,0,glioma_tumor
-1.3648813962936401,-1.2658830881118774,-1.0380346775054932,0.8663589954376221,0.8856973052024841,0.8817609548568726,43.95049285888672,51.088409423828125,56.520965576171875,0,glioma_tumor
-1.3332055807113647,-1.2335002422332764,-1.0057958364486694,0.8577026724815369,0.8768478035926819,0.8729507327079773,45.7919807434082,50.61394119262695,58.044456481933594,0,glioma_tumor
-1.1844816207885742,-1.0814565420150757,-0.8544279336929321,0.8138567805290222,0.8320232629776001,0.8283253908157349,54.48535919189453,48.272705078125,63.49811553955078,0,glioma_tumor
-1.3812057971954346,-1.282571792602539,-1.0546494722366333,0.5962147116661072,0.6095231175422668,0.6068141460418701,42.9964485168457,35.54806137084961,53.09327697753906,0,glioma_tumor
-1.582237720489502,-1.488090991973877,-1.2592551708221436,0.694176435470581,0.7096714377403259,0.7065173983573914,31.27065658569336,41.20915222167969,61.206504821777344,0,glioma_tumor
-1.2850724458694458,-1.1842927932739258,-0.9568071961402893,0.6812585592269897,0.696465253829956,0.6933698654174805,48.61407470703125,40.70808029174805,79.54774475097656,0,glioma_tumor
-1.4707238674163818,-1.374087929725647,-1.1457587480545044,0.5424942970275879,0.5546035170555115,0.55213862657547,37.76839065551758,32.42534637451172,52.73725128173828,0,glioma_tumor
-1.4403605461120605,-1.343047022819519,-1.1148558855056763,0.7697497606277466,0.7869316935539246,0.783434271812439,39.539955139160156,45.404483795166016,42.00416564941406,0,glioma_tumor
-1.3253345489501953,-1.2254536151885986,-0.9977849125862122,0.6664007902145386,0.6812757849693298,0.6782479286193848,46.259254455566406,39.71261978149414,62.032875061035156,0,glioma_tumor
-1.4245896339416504,-1.326924204826355,-1.0988044738769531,0.63834148645401,0.6525901556015015,0.649689793586731,40.466915130615234,38.08612823486328,72.12220764160156,0,glioma_tumor
-1.2858299016952515,-1.185067057609558,-0.9575779438018799,0.744605541229248,0.7612261772155762,0.757843017578125,48.567874908447266,44.42828369140625,94.77711486816406,0,glioma_tumor
-1.500656247138977,-1.4046885967254639,-1.1762232780456543,0.5707337260246277,0.5834733247756958,0.5808801054954529,36.02291488647461,34.275115966796875,83.03366088867188,0,glioma_tumor
-1.4891633987426758,-1.3929392099380493,-1.164526343345642,0.8182646036148071,0.8365294337272644,0.8328115940093994,36.69243240356445,48.27317428588867,52.35926055908203,1,meningioma_tumor
-1.5181232690811157,-1.4225454330444336,-1.1940009593963623,0.6812981367111206,0.6965056657791138,0.6934100985527039,35.008949279785156,40.58262252807617,89.45040130615234,1,meningioma_tumor
-1.514406681060791,-1.4187458753585815,-1.190218210220337,0.6687029600143433,0.6836293339729309,0.6805910468101501,35.228694915771484,39.798099517822266,84.0956802368164,1,meningioma_tumor
-1.4924633502960205,-1.3963128328323364,-1.1678849458694458,0.8165841102600098,0.8348114490509033,0.8311011791229248,36.51455307006836,48.400291442871094,85.16793060302734,1,meningioma_tumor
-1.5299129486083984,-1.4345983266830444,-1.2060002088546753,0.7539739012718201,0.7708036303520203,0.7673779129981995,34.32416915893555,44.66300964355469,72.25227355957031,1,meningioma_tumor
-1.4825114011764526,-1.3861385583877563,-1.1577558517456055,0.7974064350128174,0.8152056336402893,0.8115825653076172,37.09400177001953,47.219017028808594,74.76872253417969,1,meningioma_tumor
-1.5074560642242432,-1.4116402864456177,-1.183144211769104,0.7330271601676941,0.7493893504142761,0.7460587620735168,35.635353088378906,43.376766204833984,62.10490417480469,1,meningioma_tumor
-1.580634593963623,-1.4864521026611328,-1.2576236724853516,0.6556646823883057,0.6703000664710999,0.667320966720581,31.358829498291016,38.85554122924805,57.311378479003906,1,meningioma_tumor
-1.5834013223648071,-1.4892805814743042,-1.260439395904541,0.72481369972229,0.740992546081543,0.7376992702484131,31.19983673095703,43.04255294799805,70.54399871826172,1,meningioma_tumor
-1.607930064201355,-1.5143569707870483,-1.2854045629501343,0.6962530612945557,0.711794376373291,0.7086309194564819,29.765308380126953,41.26227951049805,48.70940399169922,1,meningioma_tumor
-1.593976378440857,-1.5000919103622437,-1.2712026834487915,0.7193574905395508,0.7354145050048828,0.7321460843086243,30.57638931274414,42.499908447265625,37.204185485839844,1,meningioma_tumor
-1.436746597290039,-1.3393523693084717,-1.1111775636672974,0.8439131379127502,0.8627504706382751,0.8589160442352295,39.75312805175781,49.78963851928711,50.97130584716797,1,meningioma_tumor
-1.5345282554626465,-1.4393166303634644,-1.2106977701187134,0.8145146369934082,0.8326957821846008,0.8289949297904968,34.05198669433594,47.98194885253906,34.92108917236328,1,meningioma_tumor
-1.6047450304031372,-1.5111007690429688,-1.2821626663208008,0.737079381942749,0.7535319924354553,0.7501830458641052,29.952503204345703,43.326744079589844,24.406394958496094,1,meningioma_tumor
-1.5613923072814941,-1.4667800664901733,-1.2380391359329224,0.8371233940124512,0.855809211730957,0.852005660533905,32.476993560791016,49.11300277709961,25.613052368164062,1,meningioma_tumor
-1.5534294843673706,-1.4586398601531982,-1.229934811592102,0.9073153138160706,0.9275678396224976,0.9234454035758972,32.94108581542969,53.18368911743164,28.49303436279297,1,meningioma_tumor
-1.4886293411254883,-1.3923931121826172,-1.1639827489852905,0.8269836902618408,0.8454431295394897,0.8416857123374939,36.73134994506836,49.037811279296875,83.42753601074219,1,meningioma_tumor
-1.5593374967575073,-1.4646798372268677,-1.235948085784912,0.7316746115684509,0.7480066418647766,0.7446821928024292,32.60462951660156,43.34909439086914,61.34081268310547,1,meningioma_tumor
-1.6261082887649536,-1.5329407453536987,-1.303905725479126,0.7707580327987671,0.7879624962806702,0.7844604849815369,28.700138092041016,45.24306869506836,25.631752014160156,1,meningioma_tumor
-1.6570783853530884,-1.5646021366119385,-1.3354263305664062,0.782457709312439,0.7999232411384583,0.7963680624961853,26.890419006347656,45.90544128417969,27.262603759765625,1,meningioma_tumor
-1.6220479011535645,-1.5287898778915405,-1.2997732162475586,0.6615267992019653,0.6762930154800415,0.6732872724533081,28.93767547607422,39.08659744262695,35.941993713378906,1,meningioma_tumor
-1.6074132919311523,-1.5138285160064697,-1.2848783731460571,0.6997619867324829,0.7153816819190979,0.712202250957489,29.793228149414062,41.300655364990234,29.927825927734375,1,meningioma_tumor
-1.4025496244430542,-1.3043920993804932,-1.076372742652893,0.8441298604011536,0.8629720211029053,0.8591366410255432,41.753578186035156,49.83251190185547,52.8228759765625,1,meningioma_tumor
-1.6133610010147095,-1.5199087858200073,-1.2909318208694458,0.7068890929222107,0.7226678729057312,0.7194560170173645,29.444461822509766,41.61518096923828,27.40631866455078,1,meningioma_tumor
-1.5637904405593872,-1.469232201576233,-1.2404799461364746,0.805793046951294,0.8237794637680054,0.8201183080673218,32.33650207519531,47.321922302246094,31.88988494873047,1,meningioma_tumor
-1.6307384967803955,-1.5376744270324707,-1.3086185455322266,0.6862124800682068,0.7015296816825867,0.6984118223190308,28.426780700683594,40.42781066894531,26.086288452148438,1,meningioma_tumor
-1.5369744300842285,-1.441817283630371,-1.2131870985031128,0.8319914937019348,0.8505626916885376,0.8467824459075928,33.906978607177734,49.236793518066406,80.37723541259766,1,meningioma_tumor
-1.642751932144165,-1.5499558448791504,-1.320845365524292,0.6853039860725403,0.7006009221076965,0.6974871754646301,27.728649139404297,40.55081558227539,51.24609375,1,meningioma_tumor
-1.6001927852630615,-1.5064468383789062,-1.2775294780731201,0.7372648119926453,0.7537215948104858,0.7503717541694641,30.217029571533203,43.6755256652832,61.111717224121094,1,meningioma_tumor
-1.6120260953903198,-1.5185444355010986,-1.289573311805725,0.7103379964828491,0.7261937260627747,0.7229662537574768,29.528915405273438,42.132083892822266,64.54454803466797,1,meningioma_tumor
-1.3900737762451172,-1.2916380167007446,-1.0636751651763916,0.8402215838432312,0.8589765429496765,0.8551589250564575,42.49177169799805,49.83955383300781,103.63432312011719,1,meningioma_tumor
-1.496641993522644,-1.4005844593048096,-1.1721378564834595,0.7861585021018982,0.8037066459655762,0.8001347184181213,36.26315689086914,46.58946228027344,77.88957214355469,1,meningioma_tumor
-1.532102346420288,-1.43683660030365,-1.208228588104248,0.7546964287757874,0.7715423107147217,0.7681133151054382,34.192325592041016,44.71161651611328,68.79083251953125,1,meningioma_tumor
-1.3935617208480835,-1.2952035665512085,-1.0672248601913452,0.8159824013710022,0.8341962695121765,0.8304887413978577,42.27781677246094,48.203514099121094,53.303977966308594,1,meningioma_tumor
-1.5776443481445312,-1.4833948612213135,-1.2545801401138306,0.7073416709899902,0.7231305241584778,0.7199166417121887,31.533836364746094,41.8160285949707,43.81657409667969,1,meningioma_tumor
-1.672176718711853,-1.5800378322601318,-1.3507933616638184,0.6724241375923157,0.6874336004257202,0.6843783855438232,26.012184143066406,39.86260223388672,55.00811767578125,1,meningioma_tumor
-1.6461619138717651,-1.5534420013427734,-1.3243159055709839,0.6996863484382629,0.7153043150901794,0.7121252417564392,27.529735565185547,41.46987533569336,56.409217834472656,1,meningioma_tumor
-1.6294569969177246,-1.5363643169403076,-1.3073140382766724,0.6846045255661011,0.699885904788971,0.6967753171920776,28.50940704345703,40.54538345336914,50.59119415283203,1,meningioma_tumor
-1.6497360467910767,-1.557096004486084,-1.3279534578323364,0.6314935088157654,0.6455893516540527,0.642720103263855,27.324085235595703,37.43333435058594,48.84467315673828,1,meningioma_tumor
-1.63884437084198,-1.5459611415863037,-1.3168681859970093,0.7537065744400024,0.7705304026603699,0.7671058773994446,27.95801544189453,44.27993392944336,25.998580932617188,1,meningioma_tumor
-1.593536376953125,-1.499642014503479,-1.2707549333572388,0.8843491077423096,0.9040890336036682,0.9000709056854248,30.595333099365234,51.87946319580078,32.9844970703125,1,meningioma_tumor
-1.6594537496566772,-1.567030668258667,-1.337843894958496,0.8507764935493469,0.8697670102119446,0.8659014701843262,26.746551513671875,49.86416244506836,27.82073974609375,1,meningioma_tumor
-1.5795201063156128,-1.485312581062317,-1.2564891576766968,0.7019124031066895,0.7175800204277039,0.7143908739089966,31.423931121826172,41.67381286621094,54.943824768066406,1,meningioma_tumor
-1.541922926902771,-1.4468761682510376,-1.2182234525680542,0.7613399028778076,0.7783340811729431,0.7748748660087585,33.618228912353516,45.09542465209961,52.17613220214844,1,meningioma_tumor
-1.3844822645187378,-1.2859212160110474,-1.0579841136932373,0.7957771420478821,0.8135400414466858,0.809924304485321,42.809566497802734,47.03181457519531,53.23619842529297,1,meningioma_tumor
-1.5654480457305908,-1.4709267616271973,-1.2421671152114868,0.7449192404747009,0.7615469098091125,0.758162260055542,32.24575424194336,43.98287582397461,43.7484130859375,1,meningioma_tumor
-1.4774110317230225,-1.3809244632720947,-1.1525650024414062,0.894673228263855,0.9146435856819153,0.9105785489082336,37.38154602050781,52.64996337890625,55.329803466796875,1,meningioma_tumor
-1.6221106052398682,-1.5288540124893188,-1.2998371124267578,0.7508106827735901,0.7675698399543762,0.7641584873199463,28.92928695678711,44.10292053222656,25.380233764648438,1,meningioma_tumor
-1.5987716913223267,-1.5049941539764404,-1.276082992553711,0.8298949003219604,0.8484193086624146,0.8446485996246338,30.28742218017578,48.681026458740234,28.48004913330078,1,meningioma_tumor
-1.6335417032241821,-1.540540099143982,-1.3114711046218872,0.8282514214515686,0.8467391729354858,0.842975914478302,28.256885528564453,48.5343017578125,25.35997772216797,1,meningioma_tumor
-1.5930230617523193,-1.4991168975830078,-1.2702322006225586,0.8901568055152893,0.9100263714790344,0.9059818983078003,30.630226135253906,52.19097900390625,28.907188415527344,1,meningioma_tumor
-1.6541972160339355,-1.5616565942764282,-1.3324940204620361,0.8670598268508911,0.8864138722419739,0.8824743032455444,27.053802490234375,50.82177734375,27.923614501953125,1,meningioma_tumor
-1.455390453338623,-1.358412265777588,-1.1301528215408325,0.8233316540718079,0.8417096138000488,0.8379687070846558,38.67266082763672,48.638275146484375,63.684715270996094,1,meningioma_tumor
-1.4989618062973022,-1.4029561281204224,-1.1744986772537231,0.7836899757385254,0.8011830449104309,0.7976223230361938,36.13026428222656,46.220237731933594,40.80662536621094,1,meningioma_tumor
-1.516933798789978,-1.421329379081726,-1.1927903890609741,0.7699766755104065,0.7871636152267456,0.7836651802062988,35.079132080078125,45.36516189575195,31.277931213378906,1,meningioma_tumor
-1.3978962898254395,-1.2996349334716797,-1.07163667678833,0.7680785059928894,0.7852230668067932,0.7817332744598389,42.02007293701172,45.440338134765625,53.92790222167969,1,meningioma_tumor
-1.5249948501586914,-1.4295704364776611,-1.200994849205017,0.7775382399559021,0.7948939800262451,0.7913612127304077,34.60526657104492,45.75007629394531,25.22486114501953,1,meningioma_tumor
-1.5035395622253418,-1.407636046409607,-1.1791579723358154,0.8305437564849854,0.8490826487541199,0.8453090190887451,35.858482360839844,48.801273345947266,26.086204528808594,1,meningioma_tumor
-1.5158097743988037,-1.4201802015304565,-1.1916462182998657,0.8551267385482788,0.8742144107818604,0.8703290224075317,35.142250061035156,50.17839813232422,26.093704223632812,1,meningioma_tumor
-1.5182485580444336,-1.4226734638214111,-1.1941285133361816,0.9101780652999878,0.930494487285614,0.9263589978218079,35.001182556152344,53.34658432006836,26.43445587158203,1,meningioma_tumor
-1.4290213584899902,-1.3314546346664429,-1.103314995765686,0.9551961421966553,0.9765174388885498,0.9721774458885193,40.215980529785156,56.30899429321289,60.61389923095703,1,meningioma_tumor
-1.411679744720459,-1.3137259483337402,-1.0856653451919556,0.9378156661987305,0.958748996257782,0.9544879794120789,41.22882843017578,55.22574234008789,49.904815673828125,1,meningioma_tumor
-1.5313780307769775,-1.43609619140625,-1.207491397857666,0.7549698948860168,0.771821916103363,0.7683916687965393,34.23967742919922,44.52461624145508,41.84815979003906,1,meningioma_tumor
-1.5812969207763672,-1.4871293306350708,-1.2582979202270508,0.705316424369812,0.7210600972175598,0.7178554534912109,31.321353912353516,41.60248565673828,33.076194763183594,1,meningioma_tumor
-1.5938528776168823,-1.4999655485153198,-1.2710769176483154,0.7097300887107849,0.7255722284317017,0.7223474979400635,30.585445404052734,41.78290557861328,25.102005004882812,1,meningioma_tumor
-1.5242924690246582,-1.4288523197174072,-1.200279951095581,0.8306170105934143,0.8491575121879578,0.8453835248947144,34.647682189941406,48.830787658691406,27.809959411621094,1,meningioma_tumor
-1.439994215965271,-1.34267258644104,-1.1144829988479614,0.7095245122909546,0.7253621220588684,0.7221382856369019,39.56235122680664,41.994415283203125,51.215911865234375,1,meningioma_tumor
-1.6272939443588257,-1.5341532230377197,-1.3051124811172485,0.7206748723983765,0.7367613315582275,0.7334868907928467,28.628250122070312,42.31125259399414,20.43938446044922,1,meningioma_tumor
-1.597254991531372,-1.5034434795379639,-1.274539589881897,0.8144211769104004,0.8326002359390259,0.8288998007774353,30.38800811767578,47.741943359375,20.2020263671875,1,meningioma_tumor
-1.5856817960739136,-1.491612195968628,-1.262760877609253,0.9116138219833374,0.9319623708724976,0.9278203248977661,31.05368423461914,53.403282165527344,24.229820251464844,1,meningioma_tumor
-1.6153578758239746,-1.521950602531433,-1.2929641008377075,0.7048970460891724,0.7206313610076904,0.7174285650253296,29.332199096679688,41.57602310180664,28.433067321777344,1,meningioma_tumor
-1.5843455791473389,-1.4902459383010864,-1.261400580406189,0.775590181350708,0.7929024696350098,0.7893785238265991,31.143474578857422,45.66209411621094,28.82274627685547,1,meningioma_tumor
-1.6381949186325073,-1.5452972650527954,-1.3162070512771606,0.7283410429954529,0.7445986270904541,0.7412893772125244,28.000877380371094,42.80259704589844,21.361419677734375,1,meningioma_tumor
-1.519466519355774,-1.4239184856414795,-1.1953679323196411,0.9288542866706848,0.9495876431465149,0.9453672766685486,34.934852600097656,54.522918701171875,32.597450256347656,1,meningioma_tumor
-1.5791875123977661,-1.4849729537963867,-1.2561508417129517,0.6602859497070312,0.6750245094299316,0.6720244288444519,31.44498062133789,39.08497619628906,45.57566833496094,1,meningioma_tumor
-0.9243520498275757,-0.8155204653739929,-0.5896737575531006,1.0196672677993774,1.042427659034729,1.0377947092056274,69.693603515625,60.988670349121094,1183.12109375,2,no_tumor
-1.3971565961837769,-1.29887855052948,-1.0708836317062378,0.8385282158851624,0.8572453856468201,0.8534354567527771,42.088382720947266,50.35668182373047,998.6140747070312,2,no_tumor
-1.1724330186843872,-1.069139003753662,-0.8421650528907776,0.7807055115699768,0.7981318831443787,0.7945846915245056,55.21254348754883,46.05656814575195,20.909095764160156,2,no_tumor
-0.8157650828361511,-0.7045096755027771,-0.4791562855243683,1.341832160949707,1.37178373336792,1.3656870126724243,76.03726959228516,79.56599426269531,224.30523681640625,2,no_tumor
-1.2622853517532349,-1.1609970331192017,-0.9336148500442505,0.8215712904930115,0.8399099111557007,0.8361769914627075,49.95790481567383,48.43981170654297,75.2201919555664,2,no_tumor
-1.1990606784820557,-1.0963609218597412,-0.8692662119865417,0.9904322028160095,1.0125399827957153,1.008039951324463,53.65205383300781,59.58760452270508,192.79598999023438,2,no_tumor
-1.2747747898101807,-1.1737650632858276,-0.9463261961936951,0.7207682132720947,0.7368567585945129,0.7335819005966187,49.23115921020508,42.64521789550781,178.6404571533203,2,no_tumor
-0.7948371767997742,-0.6831146478652954,-0.4578564763069153,1.4191685914993286,1.4508464336395264,1.444398283958435,77.26138305664062,83.70550537109375,1108.9827880859375,2,no_tumor
-1.2007390260696411,-1.098076581954956,-0.8709741830825806,0.914674699306488,0.9350915551185608,0.9309356212615967,53.557273864746094,54.583641052246094,1553.144775390625,2,no_tumor
-0.48639267683029175,-0.3677852749824524,-0.1439284086227417,0.8464810848236084,0.8653756976127625,0.8615296483039856,95.26914978027344,50.16957473754883,694.6615600585938,2,no_tumor
-1.3036894798278809,-1.2033250331878662,-0.9757550954818726,1.160443663597107,1.186346411705017,1.1810739040374756,47.54402160644531,68.48624420166016,1062.459716796875,2,no_tumor
-1.608972191810608,-1.5154224634170532,-1.2864651679992676,0.6063068509101868,0.6198405027389526,0.6170856952667236,29.718652725219727,36.33193588256836,51.83395767211914,2,no_tumor
-1.608972191810608,-1.5154224634170532,-1.2864651679992676,0.6063068509101868,0.6198405027389526,0.6170856952667236,29.718652725219727,36.33193588256836,51.83395767211914,2,no_tumor
-1.5675501823425293,-1.47307550907135,-1.2443064451217651,0.5569490194320679,0.5693809390068054,0.5668503642082214,32.141441345214844,33.72473907470703,234.36663818359375,2,no_tumor
-1.5675501823425293,-1.47307550907135,-1.2443064451217651,0.5569490194320679,0.5693809390068054,0.5668503642082214,32.141441345214844,33.72473907470703,234.36663818359375,2,no_tumor
-1.21580970287323,-1.1134837865829468,-0.8863128423690796,0.8998531699180603,0.9199391603469849,0.9158505797386169,52.680030822753906,53.903438568115234,140.94065856933594,2,no_tumor
-1.1667248010635376,-1.0633034706115723,-0.8363553881645203,0.9320050477981567,0.952808678150177,0.9485740065574646,55.545406341552734,55.27210235595703,50.15700149536133,2,no_tumor
-1.196811318397522,-1.0940613746643066,-0.8669767379760742,0.9281378984451294,0.9488552808761597,0.944638192653656,53.784786224365234,55.585811614990234,287.3929138183594,2,no_tumor
-1.123410940170288,-1.0190227031707764,-0.7922714948654175,0.775080680847168,0.7923815846443176,0.7888599038124084,58.07111740112305,45.95476150512695,125.53231811523438,2,no_tumor
-1.1098120212554932,-1.0051202774047852,-0.7784307599067688,0.827705979347229,0.8461815118789673,0.842420756816864,58.86393737792969,49.2092170715332,46.20199203491211,2,no_tumor
-1.1931560039520264,-1.0903245210647583,-0.8632563948631287,0.4996055066585541,0.5107573866844177,0.5084874033927917,53.969661712646484,30.120704650878906,1159.1004638671875,2,no_tumor
-1.1284116506576538,-1.024134874343872,-0.7973610162734985,0.8835079073905945,0.9032289981842041,0.8992147445678711,57.78724670410156,52.74281311035156,30.157716751098633,2,no_tumor
-0.9323850274085999,-0.8237327933311462,-0.5978496074676514,0.9707756042480469,0.9924446940422058,0.9880338907241821,69.2234878540039,57.119441986083984,119.69976043701172,2,no_tumor
-1.5802154541015625,-1.4860235452651978,-1.2571970224380493,0.6828340888023376,0.6980758905410767,0.694973349571228,31.397377014160156,40.439247131347656,16.960830688476562,2,no_tumor
-1.608972191810608,-1.5154224634170532,-1.2864651679992676,0.6063068509101868,0.6198405027389526,0.6170856952667236,29.718652725219727,36.33193588256836,51.83395767211914,2,no_tumor
-1.5951451063156128,-1.5012863874435425,-1.2723921537399292,0.615251898765564,0.6289851665496826,0.6261897087097168,30.526805877685547,36.72135925292969,71.89391326904297,2,no_tumor
-1.5943410396575928,-1.5004645586013794,-1.271573781967163,0.6167606115341187,0.6305275559425354,0.6277252435684204,30.569561004638672,36.67256546020508,517.752197265625,2,no_tumor
-1.1529147624969482,-1.049185037612915,-0.8222997784614563,0.8472647070884705,0.8661768436431885,0.8623272180557251,56.35004425048828,50.43958282470703,1103.1807861328125,2,no_tumor
-1.1568723917007446,-1.0532310009002686,-0.8263278603553772,0.8507992029190063,0.869790256023407,0.8659245371818542,56.09610366821289,50.74905776977539,101.67030334472656,2,no_tumor
-1.1990606784820557,-1.0963609218597412,-0.8692662119865417,0.9904322028160095,1.0125399827957153,1.008039951324463,53.65205383300781,59.58760452270508,192.79598999023438,2,no_tumor
-1.0713942050933838,-0.9658449292182922,-0.7393301129341125,0.8310229778289795,0.8495725393295288,0.8457967042922974,61.12537384033203,49.11196517944336,53.709388732910156,2,no_tumor
-0.854588508605957,-0.7441996932029724,-0.5186699628829956,0.8385820984840393,0.8573004007339478,0.8534902334213257,73.7658462524414,49.63063430786133,60.96474838256836,2,no_tumor
-1.1843422651290894,-1.081313967704773,-0.8542858958244324,0.7848945260047913,0.8024144768714905,0.7988482713699341,54.51784133911133,46.47992706298828,1118.6611328125,2,no_tumor
-1.1414892673492432,-1.0375044345855713,-0.8106712102890015,0.8784763813018799,0.8980851769447327,0.8940937519073486,57.0184211730957,51.89478302001953,126.99617004394531,2,no_tumor
-1.1000542640686035,-0.9951446056365967,-0.768499493598938,0.7780026793479919,0.7953687906265259,0.7918338775634766,59.4322624206543,45.764373779296875,61.42921447753906,2,no_tumor
-1.25033438205719,-1.1487791538238525,-0.9214513301849365,0.749840259552002,0.7665777802467346,0.7631707787513733,50.661685943603516,44.36826705932617,32.46170425415039,2,no_tumor
-1.4955672025680542,-1.3994859457015991,-1.1710439920425415,0.709158718585968,0.7249881625175476,0.7217660546302795,36.33958053588867,42.218570709228516,114.7145767211914,2,no_tumor
-1.2119325399398804,-1.1095203161239624,-0.882366955280304,0.9466758370399475,0.9678069949150085,0.9635056853294373,52.902774810791016,56.935604095458984,346.4825439453125,2,no_tumor
-0.8997559547424316,-0.7903755307197571,-0.564640462398529,1.1635359525680542,1.1895077228546143,1.1842210292816162,71.14814758300781,68.20950317382812,1201.2552490234375,2,no_tumor
-1.3752497434616089,-1.2764829397201538,-1.048587441444397,0.6712609529495239,0.6862444281578064,0.6831945180892944,43.36567687988281,40.13310241699219,131.3408203125,2,no_tumor
-1.1523160934448242,-1.0485731363296509,-0.821690559387207,0.994125485420227,1.0163158178329468,1.0117988586425781,56.38566207885742,58.882720947265625,841.6890869140625,2,no_tumor
-1.1473228931427002,-1.0434685945510864,-0.816608726978302,1.3564746379852295,1.3867530822753906,1.3805897235870361,56.68114471435547,79.74349212646484,850.2501220703125,2,no_tumor
-1.3631067276000977,-1.264068603515625,-1.0362285375595093,0.9768610596656799,0.9986659288406372,0.9942275285720825,44.073978424072266,57.95954132080078,1526.2652587890625,2,no_tumor
-1.213119626045227,-1.1107337474822998,-0.8835750222206116,0.7507840394973755,0.7675425410270691,0.7641313076019287,52.823055267333984,44.44845962524414,205.51849365234375,2,no_tumor
-1.7089645862579346,-1.6176464557647705,-1.3882349729537964,0.4108509421348572,0.4200217127799988,0.4181549847126007,23.875682830810547,24.671295166015625,405.0849914550781,2,no_tumor
-1.484018325805664,-1.3876789808273315,-1.1592894792556763,0.7086805105209351,0.7244992256164551,0.7212792634963989,37.020294189453125,42.11607360839844,438.9089050292969,2,no_tumor
-1.5695037841796875,-1.4750727415084839,-1.2462949752807617,0.6520170569419861,0.6665709614753723,0.6636084914207458,32.03316879272461,38.58488082885742,656.3287353515625,2,no_tumor
-1.5631911754608154,-1.4686193466186523,-1.2398698329925537,0.7005332708358765,0.7161701321601868,0.7129871845245361,32.38813018798828,41.71294403076172,775.3442993164062,2,no_tumor
-1.4411371946334839,-1.3438411951065063,-1.1156463623046875,0.9359633922576904,0.9568554162979126,0.9526026844978333,39.523773193359375,55.074928283691406,954.01220703125,2,no_tumor
-1.0652148723602295,-0.9595276117324829,-0.7330408692359924,1.0407004356384277,1.0639302730560303,1.059201717376709,61.47162628173828,61.99323654174805,1792.959228515625,2,no_tumor
-1.4134082794189453,-1.315493106842041,-1.0874242782592773,0.9435356259346008,0.9645966291427612,0.960309624671936,41.13913345336914,56.03591537475586,1146.4288330078125,2,no_tumor
-1.1402405500411987,-1.036227822303772,-0.8094002604484558,0.8097089529037476,0.8277828097343445,0.824103832244873,57.08177947998047,47.93644714355469,658.972412109375,2,no_tumor
-1.1787278652191162,-1.0755743980407715,-0.8485717177391052,0.5647212266921997,0.5773265361785889,0.5747606754302979,54.835968017578125,33.0739860534668,31.88484001159668,2,no_tumor
-0.8059008717536926,-0.6944254040718079,-0.46911683678627014,1.390587568283081,1.421627402305603,1.415309190750122,76.62212371826172,81.49342346191406,583.8212280273438,2,no_tumor
-0.4831520915031433,-0.364472359418869,-0.14063023030757904,1.4024157524108887,1.4337196350097656,1.4273476600646973,95.44430541992188,82.68889617919922,1683.778564453125,2,no_tumor
-0.5852596759796143,-0.46885910630226135,-0.24455304443836212,1.2977198362350464,1.3266867399215698,1.320790410041809,89.493896484375,76.53115844726562,1118.2781982421875,2,no_tumor
-0.9547408223152161,-0.8465875387191772,-0.6206029057502747,1.416921854019165,1.4485496282577515,1.4421117305755615,67.91067504882812,83.36019897460938,1038.1593017578125,2,no_tumor
-1.0348644256591797,-0.9284993410110474,-0.7021507620811462,1.4196503162384033,1.4513388872146606,1.4448885917663574,63.234039306640625,83.43949127197266,984.7775268554688,2,no_tumor
-0.776185154914856,-0.6640462875366211,-0.4388728141784668,0.9187169075012207,0.9392239451408386,0.9350496530532837,78.34561920166016,54.53123474121094,773.5206909179688,2,no_tumor
-0.6602957844734192,-0.5455701351165771,-0.32092317938804626,1.0218150615692139,1.0446233749389648,1.0399806499481201,85.11270904541016,60.18256759643555,395.7616271972656,2,no_tumor
-1.0463271141052246,-0.9402181506156921,-0.7138171792030334,0.9869198203086853,1.0089492797851562,1.004465103149414,62.5760383605957,59.475162506103516,2935.4111328125,2,no_tumor
-1.1869990825653076,-1.0840301513671875,-0.8569900393486023,0.7909600734710693,0.8086153864860535,0.8050215840339661,54.35043716430664,46.88970184326172,587.49658203125,2,no_tumor
-1.016484260559082,-0.9097093343734741,-0.6834439635276794,0.715399980545044,0.7313686609268188,0.7281181812286377,64.31997680664062,42.27988052368164,594.2335205078125,2,no_tumor
-1.5415161848068237,-1.4464606046676636,-1.217809796333313,0.6059772968292236,0.6195035576820374,0.6167502999305725,33.64625930786133,35.782691955566406,378.85028076171875,2,no_tumor
-1.1743425130844116,-1.0710910558700562,-0.8441085815429688,0.7525937557220459,0.769392728805542,0.7659732103347778,55.095855712890625,45.901451110839844,1873.57177734375,2,no_tumor
-1.5273317098617554,-1.4319593906402588,-1.2033730745315552,0.6836552619934082,0.698915421962738,0.6958091855049133,34.484039306640625,40.13310241699219,107.18618774414062,2,no_tumor
-1.3687776327133179,-1.2698661088943481,-1.0420001745224,0.9783593416213989,1.0001976490020752,0.9957524538040161,43.74824905395508,57.55842971801758,335.6341247558594,2,no_tumor
-0.8662146925926208,-0.7560854554176331,-0.5305028557777405,0.9557043313980103,0.9770370125770569,0.9726946353912354,73.09213256835938,56.462162017822266,510.01568603515625,2,no_tumor
-1.3789392709732056,-1.2802544832229614,-1.0523426532745361,1.0290765762329102,1.0520470142364502,1.0473713874816895,43.15745162963867,61.827293395996094,173.1885986328125,2,no_tumor
-1.3578195571899414,-1.2586637735366821,-1.030847430229187,0.7243373394012451,0.740505576133728,0.7372145056724548,44.38030242919922,42.965057373046875,444.02471923828125,2,no_tumor
-1.3796430826187134,-1.280974268913269,-1.0530587434768677,0.7834942936897278,0.8009830117225647,0.7974230647087097,43.11027526855469,46.551822662353516,811.3203735351562,2,no_tumor
-0.35310792922973633,-0.23152540624141693,-0.008274126797914505,0.9709557294845581,0.992628812789917,0.9882171750068665,103.05059814453125,57.984107971191406,1918.396484375,2,no_tumor
-0.6318520903587341,-0.5164915323257446,-0.29197371006011963,1.323954463005066,1.3535069227218628,1.3474913835525513,86.7567367553711,78.17388153076172,1833.109375,2,no_tumor
-1.1649669408798218,-1.0615062713623047,-0.8345661759376526,0.954314649105072,0.9756163358688354,0.9712802767753601,55.64588165283203,57.11872482299805,1774.5244140625,2,no_tumor
-1.213456153869629,-1.1110777854919434,-0.8839175701141357,0.7486582398414612,0.7653693556785583,0.7619677186012268,52.824581146240234,44.36814880371094,320.0111389160156,2,no_tumor
-1.4111433029174805,-1.3131775856018066,-1.0851192474365234,0.8226626515388489,0.8410255908966064,0.8372877836227417,41.262813568115234,49.03368377685547,122.26358795166016,3,pituitary_tumor
-1.3815562725067139,-1.2829302549362183,-1.0550060272216797,0.7328105568885803,0.7491679191589355,0.7458383440971375,42.984764099121094,43.62843704223633,71.8658447265625,3,pituitary_tumor
-1.1960986852645874,-1.0933328866958618,-0.8662513494491577,0.7667595744132996,0.7838746905326843,0.7803908586502075,53.81742858886719,45.67615509033203,92.46527862548828,3,pituitary_tumor
-1.2116435766220093,-1.109224796295166,-0.8820726275444031,0.6860322952270508,0.7013455033302307,0.6982284784317017,52.908050537109375,40.90211486816406,81.7867202758789,3,pituitary_tumor
-1.1614470481872559,-1.0579078197479248,-0.8309838175773621,0.7132777571678162,0.7291991114616394,0.7259582877159119,55.84090042114258,42.46754837036133,81.28002166748047,3,pituitary_tumor
-1.2005290985107422,-1.0978621244430542,-0.870760440826416,0.840520977973938,0.8592826128005981,0.8554636240005493,53.55643844604492,49.88616943359375,94.20260620117188,3,pituitary_tumor
-1.196434497833252,-1.0936763286590576,-0.8665931820869446,0.8371197581291199,0.8558053970336914,0.8520019054412842,53.790924072265625,49.674964904785156,92.64183807373047,3,pituitary_tumor
-1.3101747035980225,-1.2099552154541016,-0.9823554754257202,0.7255071401596069,0.7417014837265015,0.7384050488471985,47.15018844604492,43.06427764892578,70.34550476074219,3,pituitary_tumor
-1.1896167993545532,-1.0867063999176025,-0.8596543073654175,0.8165032863616943,0.8347287774085999,0.8310189247131348,54.188228607177734,48.468013763427734,90.36811828613281,3,pituitary_tumor
-1.3016082048416138,-1.201197624206543,-0.9736366271972656,0.7472816109657288,0.7639619708061218,0.7605666518211365,47.64472961425781,44.2676887512207,62.8779296875,3,pituitary_tumor
-1.2601895332336426,-1.1588542461395264,-0.9314815998077393,0.7622271180152893,0.7792410850524902,0.7757778167724609,50.06687545776367,45.162593841552734,63.87140655517578,3,pituitary_tumor
-1.1746231317520142,-1.0713778734207153,-0.8443941473960876,0.8151077032089233,0.8333020210266113,0.8295985460281372,55.05757141113281,48.284217834472656,69.57681274414062,3,pituitary_tumor
-1.4233295917510986,-1.3256359100341797,-1.0975221395492554,0.6765422224998474,0.6916435956954956,0.6885696649551392,40.53931427001953,40.323028564453125,65.37706756591797,3,pituitary_tumor
-1.165884256362915,-1.0624439716339111,-0.8354998230934143,0.8106309175491333,0.8287253379821777,0.825042188167572,55.575260162353516,48.03116226196289,69.52945709228516,3,pituitary_tumor
-1.097322702407837,-0.9923522472381592,-0.7657195329666138,0.8522233963012695,0.8712462186813354,0.867374062538147,59.579933166503906,50.49009704589844,75.1004867553711,3,pituitary_tumor
-1.1428537368774414,-1.038899540901184,-0.8120598793029785,0.7997010350227356,0.8175514936447144,0.8139179944992065,56.91935348510742,47.39060592651367,66.59439849853516,3,pituitary_tumor
-1.1781988143920898,-1.07503342628479,-0.8480333685874939,0.7522121071815491,0.7690025568008423,0.7655847668647766,54.85238265991211,44.598453521728516,61.25148010253906,3,pituitary_tumor
-1.3606619834899902,-1.2615694999694824,-1.0337402820587158,0.6152982115745544,0.629032552242279,0.6262368559837341,44.20808029174805,36.622886657714844,52.928672790527344,3,pituitary_tumor
-1.176984190940857,-1.073791742324829,-0.8467971086502075,0.6658719778060913,0.680735170841217,0.677709698677063,54.9251823425293,40.06816101074219,111.12213134765625,3,pituitary_tumor
-1.2367914915084839,-1.1349339485168457,-0.9076676368713379,0.6324713230133057,0.646588921546936,0.6437152624130249,51.43540573120117,38.00967788696289,97.8373031616211,3,pituitary_tumor
-1.1867966651916504,-1.0838232040405273,-0.8567840456962585,0.6439418792724609,0.6583155393600464,0.6553897261619568,54.355613708496094,38.68767547607422,100.22893524169922,3,pituitary_tumor
-0.901613712310791,-0.792274534702301,-0.5665311813354492,0.8825486302375793,0.9022483229637146,0.8982384204864502,70.9981460571289,52.366397857666016,67.18034362792969,3,pituitary_tumor
-0.9423269033432007,-0.8338966369628906,-0.6079682111740112,0.8522464036941528,0.871269702911377,0.8673974871635437,68.62737274169922,50.57841873168945,65.4027328491211,3,pituitary_tumor
-1.4328047037124634,-1.3353224992752075,-1.1071654558181763,0.6562369465827942,0.6708850860595703,0.6679033637046814,39.98826599121094,39.11454772949219,61.26591491699219,3,pituitary_tumor
-0.990643322467804,-0.8832914233207703,-0.6571434140205383,0.809903621673584,0.8279818296432495,0.8243019580841064,65.80404663085938,48.065101623535156,61.69629669189453,3,pituitary_tumor
-1.1289145946502686,-1.0246491432189941,-0.7978730201721191,0.7146063446998596,0.730557382106781,0.7273104786872864,57.72635269165039,42.416229248046875,48.897850036621094,3,pituitary_tumor
-1.1129628419876099,-1.0083414316177368,-0.7816377878189087,0.7430729269981384,0.7596593499183655,0.756283164024353,58.65768051147461,44.14670181274414,51.582801818847656,3,pituitary_tumor
-1.080232858657837,-0.9748807549476624,-0.7483258247375488,0.7642946243286133,0.7813547849655151,0.7778820991516113,60.57164764404297,45.37020492553711,51.992919921875,3,pituitary_tumor
-1.0518690347671509,-0.9458837509155273,-0.7194575071334839,0.8129698634147644,0.8311164975166321,0.8274226784706116,62.267723083496094,48.7960090637207,333.2005615234375,3,pituitary_tumor
-0.6297647356987,-0.5143575668334961,-0.28984931111335754,0.8801737427711487,0.8998204469680786,0.8958212733268738,86.89915466308594,52.19002914428711,130.7174835205078,3,pituitary_tumor
-0.8470453023910522,-0.7364881038665771,-0.5109925866127014,0.9642257690429688,0.9857486486434937,0.9813675880432129,74.50132751464844,59.60107421875,269.22491455078125,3,pituitary_tumor
-0.9147039651870728,-0.805657148361206,-0.5798542499542236,0.72845858335495,0.7447187900543213,0.7414089441299438,70.12013244628906,44.10776138305664,2661.069580078125,3,pituitary_tumor
-1.1055479049682617,-1.0007610321044922,-0.7740910053253174,0.655411958694458,0.6700416803359985,0.6670637726783752,59.113155364990234,39.65941619873047,8.815361022949219,3,pituitary_tumor
-0.9917646646499634,-0.8844379782676697,-0.6582848429679871,0.6229187250137329,0.6368231773376465,0.6339928507804871,65.92245483398438,38.67658615112305,583.91845703125,3,pituitary_tumor
-1.3245090246200562,-1.2246094942092896,-0.9969446659088135,0.727639377117157,0.7438812851905823,0.7405751943588257,46.312896728515625,43.32903289794922,74.99541473388672,3,pituitary_tumor
-1.292335867881775,-1.1917182207107544,-0.9641996622085571,0.8528908491134644,0.8719285726547241,0.8680533766746521,48.20880889892578,50.61851501464844,89.7540283203125,3,pituitary_tumor
-1.1455142498016357,-1.0416191816329956,-0.8147677183151245,1.2664531469345093,1.2947221994400024,1.2889679670333862,56.78990173339844,75.24967193603516,598.3690185546875,3,pituitary_tumor
-0.750292956829071,-0.6375761032104492,-0.41252022981643677,0.690191388130188,0.7055974006652832,0.7024614810943604,79.8586654663086,41.196693420410156,26.312210083007812,3,pituitary_tumor
-0.3706326484680176,-0.24944134056568146,-0.026110457256436348,0.9891360402107239,1.0112148523330688,1.0067206621170044,102.3337173461914,60.426597595214844,437.45001220703125,3,pituitary_tumor
-1.2786387205123901,-1.1777154207229614,-0.9502589702606201,0.854692280292511,0.8737701773643494,0.8698868155479431,49.00843048095703,50.690223693847656,104.54167175292969,3,pituitary_tumor
-1.2417576313018799,-1.140010952949524,-0.912722110748291,0.5911676287651062,0.6043633222579956,0.6016772985458374,51.15778732299805,35.702510833740234,186.46458435058594,3,pituitary_tumor
-1.4467579126358032,-1.3495869636535645,-1.1213665008544922,0.5591152906417847,0.5715955495834351,0.5690551400184631,39.17660140991211,34.32658767700195,229.42645263671875,3,pituitary_tumor
-0.8933926820755005,-0.7838699817657471,-0.5581638813018799,1.0452404022216797,1.06857168674469,1.0638225078582764,71.51089477539062,62.078094482421875,1596.9603271484375,3,pituitary_tumor
-1.657349705696106,-1.5648795366287231,-1.3357024192810059,0.6106861233711243,0.624317467212677,0.621542751789093,26.878089904785156,36.39208984375,71.31494903564453,3,pituitary_tumor
-1.3849973678588867,-1.2864480018615723,-1.0585081577301025,0.6333827972412109,0.6475207805633545,0.6446429491043091,42.79630661010742,38.35900115966797,440.66192626953125,3,pituitary_tumor
-1.2780190706253052,-1.177081823348999,-0.9496281743049622,0.7834862470626831,0.8009747266769409,0.7974148988723755,49.02815246582031,46.688209533691406,88.90277099609375,3,pituitary_tumor
-1.1225427389144897,-1.0181350708007812,-0.7913877367973328,0.7466223239898682,0.7632880210876465,0.7598956823348999,58.10972595214844,44.54109191894531,84.14248657226562,3,pituitary_tumor
-1.1929116249084473,-1.0900746583938599,-0.8630077838897705,0.7128084897994995,0.7287193536758423,0.7254806756973267,53.988059997558594,42.38402557373047,48.33622741699219,3,pituitary_tumor
-1.2089813947677612,-1.1065032482147217,-0.8793632388114929,0.6808068156242371,0.6960033774375916,0.6929100751876831,53.05023956298828,40.50856399536133,48.14513397216797,3,pituitary_tumor
-1.198586344718933,-1.0958760976791382,-0.8687832951545715,0.6881876587867737,0.7035489678382874,0.7004221081733704,53.65760040283203,40.95729446411133,49.76598358154297,3,pituitary_tumor
-1.2467371225357056,-1.1451016664505005,-0.9177901744842529,0.6630467176437378,0.6778468489646912,0.6748342514038086,50.84292221069336,39.48961639404297,49.10652160644531,3,pituitary_tumor
-1.055721402168274,-0.9498223066329956,-0.7233786582946777,0.7181373834609985,0.734167218208313,0.7309042811393738,62.000633239746094,42.58230972290039,50.329124450683594,3,pituitary_tumor
-1.106319546699524,-1.0015498399734497,-0.7748762369155884,0.6943132877349854,0.7098113298416138,0.7066566944122314,59.04765319824219,41.17082977294922,48.023475646972656,3,pituitary_tumor
-1.084578275680542,-0.979323148727417,-0.752748429775238,0.6962164044380188,0.7117569446563721,0.7085936665534973,60.31705093383789,41.28755187988281,52.44567108154297,3,pituitary_tumor
-1.0260097980499268,-0.9194473624229431,-0.6931387186050415,0.7382083535194397,0.7546862363815308,0.7513321042060852,63.737098693847656,43.76824188232422,53.96479797363281,3,pituitary_tumor
-1.008825659751892,-0.9018796682357788,-0.6756491661071777,0.7487002611160278,0.7654123306274414,0.7620105147361755,64.73760986328125,44.46295166015625,58.51799011230469,3,pituitary_tumor
-1.3054628372192383,-1.205138087272644,-0.9775597453117371,0.7614870667457581,0.7784845232963562,0.7750246524810791,47.42516326904297,45.39860534667969,87.51707458496094,3,pituitary_tumor
-0.9829119443893433,-0.8753874897956848,-0.6492746472358704,0.7763413786888123,0.7936704158782959,0.7901430130004883,66.25418853759766,46.08551025390625,63.60546112060547,3,pituitary_tumor
-0.9916130900382996,-0.8842830061912537,-0.6581307053565979,0.774064838886261,0.7913430333137512,0.7878260016441345,65.74549865722656,45.96059036254883,67.66156768798828,3,pituitary_tumor
-1.2291836738586426,-1.127156376838684,-0.8999246954917908,0.5736872553825378,0.5864927768707275,0.5838861465454102,51.8813591003418,34.50408935546875,69.65165710449219,3,pituitary_tumor
-1.2628666162490845,-1.1615911722183228,-0.9342063665390015,0.5625281929969788,0.5750846266746521,0.5725287199020386,49.913116455078125,33.843528747558594,67.96007537841797,3,pituitary_tumor
-1.2471667528152466,-1.1455408334732056,-0.9182273745536804,0.5886640548706055,0.6018038392066956,0.5991291999816895,50.832332611083984,35.434261322021484,76.73590850830078,3,pituitary_tumor
-1.2248495817184448,-1.122725486755371,-0.8955134153366089,0.6033982038497925,0.6168668866157532,0.6141253113746643,52.13603973388672,36.29487609863281,79.007568359375,3,pituitary_tumor
-1.2745403051376343,-1.173525333404541,-0.9460874199867249,0.5656549334526062,0.5782811045646667,0.5757110118865967,49.2308464050293,34.04828643798828,69.74015808105469,3,pituitary_tumor
-1.2686580419540405,-1.1675118207931519,-0.9401007890701294,0.5587885975837708,0.5712615251541138,0.5687226057052612,49.57562255859375,33.62736511230469,68.40763092041016,3,pituitary_tumor
-1.2483247518539429,-1.1467247009277344,-0.9194060564041138,0.5670064091682434,0.5796627402305603,0.5770865082740784,50.76518249511719,34.098079681396484,70.83918762207031,3,pituitary_tumor
-1.2425193786621094,-1.1407898664474487,-0.9134973883628845,0.6828204989433289,0.698062002658844,0.6949595212936401,51.10276794433594,40.963356018066406,87.11610412597656,3,pituitary_tumor
-1.3189231157302856,-1.218898892402649,-0.9912594556808472,0.7518062591552734,0.768587589263916,0.7651717066764832,46.64069747924805,44.833778381347656,88.54540252685547,3,pituitary_tumor
-1.274337887763977,-1.1733185052871704,-0.9458814859390259,0.6739099025726318,0.6889525055885315,0.6858904957771301,49.24430847167969,40.461605072021484,90.41224670410156,3,pituitary_tumor
-1.3051276206970215,-1.2047955989837646,-0.9772186875343323,0.6376510858535767,0.6518843173980713,0.6489871144294739,47.44582748413086,38.28246307373047,83.32978057861328,3,pituitary_tumor
-1.2449620962142944,-1.143286943435669,-0.9159835577011108,0.6574105620384216,0.6720848679542542,0.6690978407859802,50.95848083496094,39.36506271362305,78.34864044189453,3,pituitary_tumor
-1.2490302324295044,-1.1474459171295166,-0.9201239943504333,0.6501345038414001,0.6646463871002197,0.6616924405097961,50.720924377441406,38.931827545166016,76.88359069824219,3,pituitary_tumor
-1.2761856317520142,-1.175207495689392,-0.947762131690979,0.6333984732627869,0.6475368142127991,0.6446589231491089,49.132877349853516,37.98976516723633,78.3877182006836,3,pituitary_tumor
-1.2555902004241943,-1.1541523933410645,-0.9268006086349487,0.6397550702095032,0.6540353298187256,0.6511285305023193,50.33451843261719,38.339996337890625,74.42715454101562,3,pituitary_tumor
-1.3461238145828247,-1.2467068433761597,-1.0189436674118042,0.558576762676239,0.5710449814796448,0.5685070157051086,45.05006790161133,33.43398666381836,43.295433044433594,3,pituitary_tumor
