time_utc,image_sha256,filename,content_type,pred_idx,pred_label,confidence,mean_r,mean_g,mean_b,std_r,std_g,std_b,brightness,contrast,sharpness
2026-01-18T17:25:50.539253+00:00,ed53cb5d51e0db7d64d607abe881e84bee22f648bf6b22fbc9b627db896b9524,image(6).jpg,image/jpeg,3,pituitary_tumor,0.9984344840049744,-1.0518690347671509,-0.9458837509155273,-0.7194575071334839,0.8129698634147644,0.8311164975166321,0.8274226784706116,62.267723083496094,48.7960090637207,333.2005615234375
2026-01-18T17:26:03.980467+00:00,6c8c2a11f01b532a75a01f052e3f536e10bcdca633e77ef3001d8ed852e83ee7,image(51).jpg,image/jpeg,3,pituitary_tumor,0.9948797225952148,-0.7790424823760986,-0.666967511177063,-0.4417808949947357,0.7259026169776917,0.7421057820320129,0.7388076186180115,78.15399169921875,43.209136962890625,175.47325134277344
2026-01-18T17:26:16.090223+00:00,8d463bf588c1bc9e685df1729434a541f187054456fe244024966078fe1aef61,image(90).jpg,image/jpeg,3,pituitary_tumor,0.9353322982788086,-0.9664708375930786,-0.8585794568061829,-0.6325412392616272,0.6547451019287109,0.6693599820137024,0.6663850545883179,67.24055480957031,39.399940490722656,42.71525955200195
2026-01-18T17:26:27.013055+00:00,9cb0bd6ba354991ae933b55af58ca040f3b8db01add876aba09159d7badd3599,image(2).jpg,image/jpeg,2,no_tumor,0.9959646463394165,-1.3631067276000977,-1.264068603515625,-1.0362285375595093,0.9768610596656799,0.9986659288406372,0.9942275285720825,44.073978424072266,57.95954132080078,1526.2652587890625
2026-01-18T17:26:37.258793+00:00,85810ba8cb4b872c9b258e404db14581906135c54f678bc4ea4d8c706f8530af,image(7).jpg,image/jpeg,1,meningioma_tumor,0.9987975358963013,-0.7681722640991211,-0.6558545827865601,-0.43071746826171875,1.0772665739059448,1.1013126373291016,1.096418023109436,78.81461334228516,63.987823486328125,477.656982421875
2026-01-18T17:26:45.961689+00:00,32e58268a4a9d3f82caec378c1065311360f4212c2ab72a1ca6f1ef8ffcca92b,image(1).jpg,image/jpeg,1,meningioma_tumor,0.9573631286621094,-0.8886540532112122,-0.7790257334709167,-0.5533412098884583,1.2301394939422607,1.2575979232788086,1.2520086765289307,71.84860229492188,72.53091430664062,164.266357421875
2026-01-18T17:26:56.110132+00:00,9c20281ccdd53888d2ebcecc9c71521ed2431500eb4448e1b63465c050a0e59f,image(6).jpg,image/jpeg,1,meningioma_tumor,0.9230251908302307,-1.4705153703689575,-1.3738749027252197,-1.145546555519104,0.683330774307251,0.698583722114563,0.6954789161682129,37.751220703125,40.628135681152344,483.3804016113281
2026-01-18T17:27:05.417547+00:00,850000e1a1400b18c1988d6538c1a092b37f32e498c68d65f5b4e7b30f7c5b05,image(47).jpg,image/jpeg,2,no_tumor,0.9883663058280945,-1.6312687397003174,-1.538216471672058,-1.3091579675674438,0.8325542211532593,0.8511379957199097,0.8473552465438843,28.418210983276367,49.5798454284668,150.5836944580078
2026-01-18T17:27:16.246104+00:00,5b32b70fee5498a7e242f40fd975486691a248ef53c7657ac4c5831133ade0fb,image(78).jpg,image/jpeg,2,no_tumor,0.992384135723114,-1.369826078414917,-1.2709380388259888,-1.0430673360824585,0.7088137865066528,0.7246355414390564,0.7214149832725525,43.67768478393555,43.060569763183594,1467.7542724609375
2026-01-18T18:13:42.038811+00:00,37462cc70ce94a639e5f567e7f646471c68c66e685eb9fc000c66c3588def449,image(1).jpg,image/jpeg,1,meningioma_tumor,0.920112133026123,-0.7724366188049316,-0.6602141857147217,-0.43505772948265076,1.0526516437530518,1.076148271560669,1.071365475654602,78.56942749023438,62.28462600708008,69.48446655273438
2026-01-18T18:13:42.250800+00:00,3762d2449d141b9e5668215c4ee685d132b021faefa59e6510ed5b21d152086b,image(10).jpg,image/jpeg,2,no_tumor,0.4652247428894043,-1.0877270698547363,-0.982542097568512,-0.7559532523155212,1.075501561164856,1.099508285522461,1.0946216583251953,60.15472412109375,63.70748519897461,213.8650665283203
2026-01-18T18:13:42.458905+00:00,c1ead199291d6738ea07e23b93d486aaf5f661f1c7df92f24f4c00f8b20bfb0e,image(100).jpg,image/jpeg,1,meningioma_tumor,0.9904954433441162,-1.3211653232574463,-1.221191167831421,-0.9935415387153625,0.7459830045700073,0.7626343965530396,0.759244978427887,46.52520751953125,43.910118103027344,38.85131072998047
2026-01-18T18:13:42.661678+00:00,c711a606ec66e74a2bbe5721727a3deeb2fd9e4b20aa50c99afd65d7dea42541,image(11).jpg,image/jpeg,0,glioma_tumor,0.8308728933334351,-1.0041441917419434,-0.897093653678894,-0.670884370803833,0.8006715774536133,0.8185436725616455,0.8149057626724243,65.0404052734375,47.461158752441406,46.54004669189453
2026-01-18T18:13:42.934632+00:00,c711a606ec66e74a2bbe5721727a3deeb2fd9e4b20aa50c99afd65d7dea42541,image(12).jpg,image/jpeg,0,glioma_tumor,0.8308728933334351,-1.0041441917419434,-0.897093653678894,-0.670884370803833,0.8006715774536133,0.8185436725616455,0.8149057626724243,65.0404052734375,47.461158752441406,46.54004669189453
2026-01-18T18:13:43.066363+00:00,dd7991d8371b0d96016916a77ae44be7fe75e946a3696e6bc07de4a74fe3e434,image(13).jpg,image/jpeg,1,meningioma_tumor,0.989099383354187,-0.828740656375885,-0.7177749276161194,-0.4923626184463501,0.9392154812812805,0.9601801037788391,0.955912709236145,75.27836608886719,55.946903228759766,356.1526184082031
2026-01-18T18:13:43.191353+00:00,f8a2b70c9e6cf72b75be9baa787d1706dad382dc582092971fa61f0a2273267d,image(14).jpg,image/jpeg,1,meningioma_tumor,0.8413504958152771,-0.8824193477630615,-0.7726518511772156,-0.5469955801963806,0.9539171457290649,0.9752098917961121,0.9708756804466248,72.14151000976562,56.82155990600586,120.69184112548828
2026-01-18T18:13:43.315267+00:00,588e8d3144e7003720e23b917467e961f7869ac9076794c814c25a40b6b052dc,image(15).jpg,image/jpeg,2,no_tumor,0.998465895652771,-0.9223500490188599,-0.8134737610816956,-0.5876361131668091,1.001539945602417,1.0238956212997437,1.0193450450897217,69.81564331054688,59.10151290893555,184.63519287109375
2026-01-18T18:13:43.450978+00:00,12968769799ec6e49fb52abfc72dfcbaedd888e8579e814235f1329383608d8d,image(16).jpg,image/jpeg,1,meningioma_tumor,0.5836262702941895,-0.8433992862701416,-0.7327606678009033,-0.5072817802429199,0.9667917490005493,0.9883719086647034,0.9839792251586914,74.39579010009766,57.55009841918945,621.7252807617188
2026-01-18T18:13:43.569717+00:00,667a351913c72f384bad7c071dc8931922b3118a8d81a7dcb48291afe136ead7,image(17).jpg,image/jpeg,1,meningioma_tumor,0.518730878829956,-0.7409912347793579,-0.6280669569969177,-0.40305325388908386,1.0053616762161255,1.0278027057647705,1.0232347249984741,80.40857696533203,59.29866027832031,75.35220336914062
2026-01-18T18:13:43.741637+00:00,d5df0c8f28d04f30720ccdd77140962d0efcd2a0318cd98586087e8c1ca6b94e,image(18).jpg,image/jpeg,1,meningioma_tumor,0.6397275328636169,-0.7280351519584656,-0.6148215532302856,-0.38986673951148987,1.017867922782898,1.040588140487671,1.0359632968902588,81.15873718261719,61.41569900512695,572.3633422851562
2026-01-18T18:13:43.950693+00:00,0c8aa58632f07c2523031db61db5abf9bcc373125c5acdccadad097af3c979fa,image(19).jpg,image/jpeg,2,no_tumor,0.9779691696166992,-1.3173160552978516,-1.2172558307647705,-0.9896237254142761,1.00963294506073,1.0321693420410156,1.027582049369812,46.74713897705078,60.576507568359375,2549.490966796875
2026-01-18T18:13:44.129632+00:00,1b2c885fd4d1c4df023f0cfde39fdf707f1e81e8d59fe716080223e0a4f5b834,image(2).jpg,image/jpeg,1,meningioma_tumor,0.9998733997344971,-1.2527475357055664,-1.151246428489685,-0.9239073991775513,0.8690008521080017,0.8883981704711914,0.8844497799873352,50.52120590209961,51.593379974365234,35.89710235595703
2026-01-18T18:13:44.347566+00:00,07f8475ad25f3242acda9d757c6b104d9de12f8401c90779605d10d30a11f499,image(20).jpg,image/jpeg,2,no_tumor,0.9019087553024292,-0.4953280985355377,-0.37692010402679443,-0.15302269160747528,1.2610663175582886,1.289215087890625,1.2834852933883667,94.73400115966797,74.6761245727539,1045.0225830078125
2026-01-18T18:13:44.582171+00:00,9240553fcd8fe826ed548984db69d2d0178a14adb7aba345b6e7ba539e15d71f,image(21).jpg,image/jpeg,0,glioma_tumor,0.8471701741218567,-1.003703236579895,-0.8966427445411682,-0.6704356074333191,1.1706562042236328,1.196786880493164,1.1914680004119873,65.06419372558594,69.73078918457031,196.689697265625
2026-01-18T18:13:44.822155+00:00,7a3225fb590cf78e7e56b4595854db07dc1d73e892ee2f4d3769f8ae9224ed4b,image(22).jpg,image/jpeg,1,meningioma_tumor,0.9985201954841614,-0.6458870768547058,-0.5308398008346558,-0.30625832080841064,1.2680871486663818,1.2963926792144775,1.2906310558319092,85.95780944824219,76.17938232421875,486.58770751953125
2026-01-18T18:13:45.049442+00:00,87d1bdfc11bba2766713e757c711cb8401e1e7d0943e29b9b0146e66ed10463b,image(23).jpg,image/jpeg,2,no_tumor,0.7245849370956421,-0.024095645174384117,0.10483086109161377,0.3265872001647949,1.4969476461410522,1.5303616523742676,1.5235601663589478,122.26910400390625,88.37913513183594,1393.0926513671875
2026-01-18T18:13:45.281930+00:00,47ea3c97dfc5425a3d95305c48a794b7d3aafe82b4dba9f2db698d2840fa3bf2,image(24).jpg,image/jpeg,3,pituitary_tumor,0.45906928181648254,-0.7000477313995361,-0.5862093567848206,-0.36138173937797546,1.055984377861023,1.0795553922653198,1.07475745677948,82.79271697998047,63.126304626464844,516.955078125
2026-01-18T18:13:45.497689+00:00,05d9770d85b24d6e950c49f0ece27798b336232538186efc84ac0e86f79c99b1,image(25).jpg,image/jpeg,1,meningioma_tumor,0.48157140612602234,-1.0591744184494019,-0.953352153301239,-0.72689288854599,0.7156827449798584,0.7316578030586243,0.7284060120582581,61.8272590637207,42.52206802368164,86.10477447509766
2026-01-18T18:13:45.707228+00:00,36d2f03fd5b0ffd8a3ac1d2fe9f2c3cf4967f82751629676198f774e0ee21a9c,image(26).jpg,image/jpeg,2,no_tumor,0.8831959366798401,-1.2441725730895996,-1.1424798965454102,-0.915179967880249,1.2065728902816772,1.2335052490234375,1.2280231714248657,51.0208625793457,71.73190307617188,243.5165557861328
2026-01-18T18:13:45.945097+00:00,1ce27ccb88e8779f13fe8209fe3a50d4310a1474e1c55438cd306cf2664c9de0,image(27).jpg,image/jpeg,2,no_tumor,0.8611242175102234,-1.2987332344055176,-1.1982581615447998,-0.9707105755805969,0.978722333908081,1.0005687475204468,0.9961218237876892,48.00743865966797,60.052818298339844,708.031982421875
2026-01-18T18:13:46.195347+00:00,cd0ed664951fcfd1ac7657a788f912f298b005d4cd99303da31c8399363c58cc,image(28).jpg,image/jpeg,1,meningioma_tumor,0.957490861415863,-0.23628510534763336,-0.11209497600793839,0.1106254905462265,1.0855916738510132,1.1098235845565796,1.1048911809921265,109.88191223144531,64.4175033569336,246.4317169189453
2026-01-18T18:13:46.392804+00:00,cd0ed664951fcfd1ac7657a788f912f298b005d4cd99303da31c8399363c58cc,image(29).jpg,image/jpeg,1,meningioma_tumor,0.957490861415863,-0.23628510534763336,-0.11209497600793839,0.1106254905462265,1.0855916738510132,1.1098235845565796,1.1048911809921265,109.88191223144531,64.4175033569336,246.4317169189453
2026-01-18T18:13:46.570378+00:00,9c20281ccdd53888d2ebcecc9c71521ed2431500eb4448e1b63465c050a0e59f,image(3).jpg,image/jpeg,1,meningioma_tumor,0.9230251908302307,-1.4705153703689575,-1.3738749027252197,-1.145546555519104,0.683330774307251,0.698583722114563,0.6954789161682129,37.751220703125,40.628135681152344,483.3804016113281
2026-01-18T18:13:46.760275+00:00,917cadd5aad4a8288a4f759d4f4a261e66c3187dbace1293b76aa8434b691b37,image(30).jpg,image/jpeg,2,no_tumor,0.5636928081512451,-0.6027946472167969,-0.48678550124168396,-0.262399822473526,1.2225995063781738,1.2498897314071655,1.2443346977233887,88.45419311523438,72.02249145507812,810.7656860351562
2026-01-18T18:13:46.999279+00:00,c3e0dfa4276ce9ec6db117fa83397c51ba751c0031b7ee044b682e34b5a82100,image(31).jpg,image/jpeg,0,glioma_tumor,0.3970194160938263,-1.2879410982131958,-1.1872252225875854,-0.9597266316413879,1.0041197538375854,1.0265331268310547,1.0219708681106567,48.46698760986328,60.2430534362793,342.92987060546875
2026-01-18T18:13:47.179868+00:00,8bb6bf50c21a17478fbd81c5c9f10abcb56bf38b046496b645f2f64cd77cbc06,image(32).jpg,image/jpeg,0,glioma_tumor,0.988513171672821,-1.4431488513946533,-1.3458974361419678,-1.1176937818527222,0.7692360281944275,0.7864064574241638,0.7829113602638245,39.42433547973633,45.786930084228516,276.05364990234375
2026-01-18T18:13:47.446513+00:00,48c61b82e203d4e08e55b413a77dc22e54f5aa2102f892d3c7147fc8d1eb1f8e,image(33).jpg,image/jpeg,1,meningioma_tumor,0.6575865745544434,-1.3979086875915527,-1.2996474504470825,-1.0716493129730225,0.7434356808662415,0.760030210018158,0.7566523551940918,42.04621887207031,43.901729583740234,142.574462890625
2026-01-18T18:13:47.664511+00:00,5ed1667becd2b8f8dee86f367cc33d7f56d13547730e3cdf9f93d09752de5b00,image(34).jpg,image/jpeg,0,glioma_tumor,0.9057188630104065,-0.9295629262924194,-0.8208476305007935,-0.5949773192405701,1.0046565532684326,1.0270819664001465,1.022517204284668,69.39988708496094,59.222068786621094,129.40467834472656
2026-01-18T18:13:47.801567+00:00,70fe309c3f09b1ea602d976ccc97e15bb11165b02cc2f75adf28eeaaf9906c1c,image(35).jpg,image/jpeg,1,meningioma_tumor,0.8812350034713745,-1.0596929788589478,-0.9538825750350952,-0.7274208664894104,0.7574453949928284,0.7743526101112366,0.7709110975265503,61.79476547241211,44.765499114990234,209.7017059326172
2026-01-18T18:13:48.017099+00:00,05582a244b78e3ffac393d7065d5c964376667edfae1a8379a80f315163b9313,image(36).jpg,image/jpeg,0,glioma_tumor,0.8521382808685303,-1.31148362159729,-1.211293339729309,-0.9836875796318054,0.8190024495124817,0.837283730506897,0.8335624933242798,47.09126281738281,48.3843994140625,55.64952850341797
2026-01-18T18:13:48.210440+00:00,ea44445f6ad0d45fd9abeaeb8b130a544023379324db616cd75806e07868ea81,image(37).jpg,image/jpeg,2,no_tumor,0.9427171945571899,-0.5871084928512573,-0.47074925899505615,-0.24643467366695404,1.4760881662368774,1.5090365409851074,1.502329707145691,89.3884506225586,87.17193603515625,648.2645263671875
2026-01-18T18:13:48.415341+00:00,384c80f82ea715cdd275fe76864bff3c19f602370b62fab2fec4eb10711cd417,image(38).jpg,image/jpeg,0,glioma_tumor,0.9359250068664551,-1.1277282238006592,-1.0234363079071045,-0.796665608882904,0.6555541157722473,0.6701869964599609,0.6672084331512451,57.82010269165039,39.129451751708984,198.83572387695312
2026-01-18T18:13:48.596473+00:00,4813552c8ef708ff035ae325cc5c6086e3f33275677e785d7d66c6f36e94b63a,image(39).jpg,image/jpeg,1,meningioma_tumor,0.32348665595054626,-1.1208229064941406,-1.0163768529891968,-0.7896374464035034,0.6082683205604553,0.6218457221984863,0.6190820336341858,58.22630310058594,36.441253662109375,193.38731384277344
2026-01-18T18:13:48.754372+00:00,2b8e8a4692e924d20e9ea9b8647ddfa8d436b5e8a37c21b17ad2b218d10b4749,image(4).jpg,image/jpeg,2,no_tumor,0.551175057888031,-1.4073615074157715,-1.3093113899230957,-1.0812702178955078,1.0032505989074707,1.0256445407867432,1.0210862159729004,41.492061614990234,59.242713928222656,245.77520751953125
2026-01-18T18:13:48.946954+00:00,0e309a1995b55b6ff81ecef631e11d6c21d43fbc95606126053bde9941f49c19,image(40).jpg,image/jpeg,0,glioma_tumor,0.42578378319740295,-0.7250279784202576,-0.6117472648620605,-0.3868061900138855,1.1744781732559204,1.20069420337677,1.1953577995300293,81.3377685546875,69.63789367675781,304.0530090332031
2026-01-18T18:13:49.156780+00:00,eb67b158cebce104362b542dafc3813078adb12abcae7616627a368a2ad4094b,image(41).jpg,image/jpeg,1,meningioma_tumor,0.9628087282180786,-1.1215168237686157,-1.017086148262024,-0.7903436422348022,0.8501047492027283,0.8690803050994873,0.8652177453041077,58.22964859008789,50.46988296508789,324.4799499511719
2026-01-18T18:13:49.404086+00:00,d2e94f32c7a3f6fdaa9ed5d6c362289eedf93e06d2683d8324cdf7732ada7351,image(42).jpg,image/jpeg,1,meningioma_tumor,0.5153981447219849,-0.2885453999042511,-0.1655217558145523,0.057436153292655945,1.019583821296692,1.0423423051834106,1.0377098321914673,106.8440170288086,60.74009704589844,273.6383972167969
2026-01-18T18:13:49.586155+00:00,3d27a95ad70b6a8bc6e25391c4f49e9ad81d978d778edb87063122c9df9b33b0,image(43).jpg,image/jpeg,0,glioma_tumor,0.9847971796989441,-0.9715707898139954,-0.8637931942939758,-0.6377318501472473,0.9482797384262085,0.9694467186927795,0.9651380777359009,66.93901824951172,56.00444793701172,49.25117111206055
2026-01-18T18:13:49.763950+00:00,23eb04452f51e3a39ab0c2535b44ae731f8dc6c48c3d32a4988b7e5c1d4f37df,image(44).jpg,image/jpeg,1,meningioma_tumor,0.9039792418479919,-1.4807522296905518,-1.3843402862548828,-1.1559655666351318,0.8208987712860107,0.8392223715782166,0.8354925513267517,37.22068786621094,48.7579231262207,551.3624267578125
2026-01-18T18:13:49.964538+00:00,fc76d3ff73ce4cc5e59efce516caaee396bd4b9caae6f0bf092f1e996b35123e,image(45).jpg,image/jpeg,0,glioma_tumor,0.9439375996589661,-1.5663036108016968,-1.4718014001846313,-1.2430380582809448,0.6471922993659973,0.6616385579109192,0.6586979627609253,32.20561218261719,38.66032028198242,211.51254272460938
2026-01-18T18:13:50.233469+00:00,c3e0dfa4276ce9ec6db117fa83397c51ba751c0031b7ee044b682e34b5a82100,image(46).jpg,image/jpeg,0,glioma_tumor,0.3970194160938263,-1.2879410982131958,-1.1872252225875854,-0.9597266316413879,1.0041197538375854,1.0265331268310547,1.0219708681106567,48.46698760986328,60.2430534362793,342.92987060546875
2026-01-18T18:13:50.489715+00:00,850000e1a1400b18c1988d6538c1a092b37f32e498c68d65f5b4e7b30f7c5b05,image(47).jpg,image/jpeg,2,no_tumor,0.9883663058280945,-1.6312687397003174,-1.538216471672058,-1.3091579675674438,0.8325542211532593,0.8511379957199097,0.8473552465438843,28.418210983276367,49.5798454284668,150.5836944580078
2026-01-18T18:13:50.661712+00:00,7731e42be9ba3453360086cd91b77036dd5cacd848cb1c407887159c71222a7b,image(48).jpg,image/jpeg,1,meningioma_tumor,0.9981739521026611,-1.002678632736206,-0.895595371723175,-0.6693928241729736,0.8934118747711182,0.9133540987968445,0.9092947840690613,65.11729431152344,52.42659378051758,224.36009216308594
2026-01-18T18:13:51.024684+00:00,d1edf0a4de17ef2c9acaa591a7fa8ced3f7ecc801d970c523b4dd3c5aeb16353,image(49).jpg,image/jpeg,1,meningioma_tumor,0.6534839868545532,-1.490212321281433,-1.3940114974975586,-1.1655937433242798,0.7960804104804993,0.8138500452041626,0.8102329969406128,36.65392303466797,47.04180908203125,562.8987426757812
2026-01-18T18:13:51.281096+00:00,b473e9fe6e1899963ce3885e3b56dc085d1b8afddedc48391fa8101c173823b8,image(5).jpg,image/jpeg,2,no_tumor,0.6987622976303101,-0.3054667115211487,-0.18282081186771393,0.04021400213241577,0.9487774968147278,0.969955563545227,0.9656447172164917,105.83465576171875,56.25013732910156,230.5586395263672
2026-01-18T18:13:51.470933+00:00,8854fba4d018533127553c10ffebacf8d730192cb6f07d957ea5d3fb48421eea,image(50).jpg,image/jpeg,2,no_tumor,0.9472205638885498,-0.37623393535614014,-0.2551676630973816,-0.03181133046746254,0.6737587451934814,0.6887979507446289,0.6857367157936096,101.69379425048828,39.95671081542969,428.7351989746094
2026-01-18T18:13:51.676330+00:00,6369ffc236fd7a7538ff1eda464f639e228b957b843d08bd4dea34b204828258,image(51).jpg,image/jpeg,2,no_tumor,0.9835017323493958,-0.5379068851470947,-0.4204494059085846,-0.19635841250419617,1.3353368043899536,1.3651434183120728,1.3590761423110962,92.25962829589844,79.0719223022461,2149.912841796875
2026-01-18T18:13:51.889146+00:00,a146b63360e81168b723239f8c7395404d81c5cfdddb1a85feb9df8dfb46f535,image(52).jpg,image/jpeg,1,meningioma_tumor,0.7412061095237732,-0.9137504696846008,-0.8046822547912598,-0.5788836479187012,0.9428221583366394,0.9638672471046448,0.9595834612846375,70.31578063964844,55.928253173828125,48.55067825317383
2026-01-18T18:13:52.051052+00:00,0e7e6b10c83d515d121d485c70b399d1d9e9d6cf527d3a17b924e5346d754540,image(53).jpg,image/jpeg,2,no_tumor,0.8510921001434326,-1.5521687269210815,-1.457350730895996,-1.228651762008667,0.8197755217552185,0.8380740880966187,0.8343493342399597,33.0353889465332,49.427852630615234,2078.96533203125
2026-01-18T18:13:52.251690+00:00,166d8d50958b2c27dc5028afdc2439f556d278cced5e9e648e03b72553b62ec0,image(54).jpg,image/jpeg,1,meningioma_tumor,0.8493185639381409,-1.437960147857666,-1.3405930995941162,-1.112412929534912,0.7295686602592468,0.7458536624908447,0.7425388097763062,39.6881103515625,43.19902420043945,371.3025817871094
2026-01-18T18:13:52.445646+00:00,8854fba4d018533127553c10ffebacf8d730192cb6f07d957ea5d3fb48421eea,image(55).jpg,image/jpeg,2,no_tumor,0.9472205638885498,-0.37623393535614014,-0.2551676630973816,-0.03181133046746254,0.6737587451934814,0.6887979507446289,0.6857367157936096,101.69379425048828,39.95671081542969,428.7351989746094
2026-01-18T18:13:52.669042+00:00,984c97dce09de4582cf1802f4c4870be49e8f2d6704b4ef8c44c8706dacd7da5,image(56).jpg,image/jpeg,2,no_tumor,0.9587514400482178,-0.8998157978057861,-0.7904363870620728,-0.5647013783454895,1.3914984464645386,1.4225586652755737,1.4162362813949585,71.13452911376953,81.9385986328125,1228.9757080078125
2026-01-18T18:13:52.879431+00:00,489c95686a18e673035cd34d473d260f29006dd7995d6920535a18d88c36ee3f,image(57).jpg,image/jpeg,1,meningioma_tumor,0.9981959462165833,-1.1922287940979004,-1.0893765687942505,-0.8623127341270447,0.7571598291397095,0.7740607261657715,0.7706204652786255,54.04251480102539,44.70708465576172,448.560791015625
2026-01-18T18:13:53.055426+00:00,0d90fc4bf7cae560c6daf72ffe15fd547b873ac5d8a68bacad597501b4e1f72d,image(58).jpg,image/jpeg,2,no_tumor,0.6388106942176819,-1.014198899269104,-0.9073730111122131,-0.6811180114746094,0.924812912940979,0.9454560279846191,0.9412540197372437,64.45440673828125,54.139976501464844,524.8486328125
2026-01-18T18:13:53.257828+00:00,f39d7632b9967a19ba2c9475f88cfa007f2bf4aa33ea6d8f8ff09d522aadc5bb,image(59).jpg,image/jpeg,0,glioma_tumor,0.9986829161643982,-1.4909985065460205,-1.394815444946289,-1.1663941144943237,0.6837892532348633,0.6990523934364319,0.6959455609321594,36.58904266357422,40.48371887207031,46.39409637451172
2026-01-18T18:13:53.410364+00:00,9c20281ccdd53888d2ebcecc9c71521ed2431500eb4448e1b63465c050a0e59f,image(6).jpg,image/jpeg,1,meningioma_tumor,0.9230251908302307,-1.4705153703689575,-1.3738749027252197,-1.145546555519104,0.683330774307251,0.698583722114563,0.6954789161682129,37.751220703125,40.628135681152344,483.3804016113281
2026-01-18T18:13:53.598728+00:00,75da6e920cf8e1f62065f9aed23c61b109e042bfbb459c665ff7ecd68a108723,image(60).jpg,image/jpeg,0,glioma_tumor,0.9991399049758911,-1.4584522247314453,-1.3615425825119019,-1.1332690715789795,0.7338541150093079,0.7502347826957703,0.7469004392623901,38.486812591552734,43.50614547729492,66.82686614990234
2026-01-18T18:13:53.811391+00:00,71ffcbdcccff153ac612c409e9e625336c6e1be36523ad2b1484d20ba9ff5dc9,image(61).jpg,image/jpeg,0,glioma_tumor,0.9982060194015503,-1.4421550035476685,-1.344881534576416,-1.1166822910308838,0.8450649380683899,0.863927960395813,0.8600883483886719,39.436824798583984,49.90293884277344,45.929931640625
2026-01-18T18:13:53.984241+00:00,2afac6596bc88b3cabae7c0b66e51b100d44f40dfd270ae724d7dd2298597e2b,image(62).jpg,image/jpeg,0,glioma_tumor,0.9995597004890442,-1.5085595846176147,-1.4127683639526367,-1.1842671632766724,0.842224657535553,0.8610243201255798,0.8571975827217102,35.556495666503906,49.60844421386719,31.226608276367188
2026-01-18T18:13:54.213276+00:00,213f8ac1606f7b3a09378a93ea1213fbf84f7bf2dbd3eac30777979c2c429da1,image(63).jpg,image/jpeg,0,glioma_tumor,0.8900973200798035,-1.4378618001937866,-1.340492606163025,-1.1123126745224,0.6920430064201355,0.7074903845787048,0.7043460607528687,39.691123962402344,41.09557342529297,60.27466583251953
2026-01-18T18:13:54.487883+00:00,c2bd43b2b8cdb63dc5b6d86fa972dbc4d8395278a5e7fac7f1c972f01921a206,image(64).jpg,image/jpeg,0,glioma_tumor,0.9987070560455322,-1.236574411392212,-1.1347121000289917,-0.9074467420578003,0.7984684705734253,0.8162913918495178,0.8126634359359741,51.44175338745117,47.08686065673828,44.60578918457031
2026-01-18T18:13:54.702669+00:00,c2bd43b2b8cdb63dc5b6d86fa972dbc4d8395278a5e7fac7f1c972f01921a206,image(65).jpg,image/jpeg,0,glioma_tumor,0.9987070560455322,-1.236574411392212,-1.1347121000289917,-0.9074467420578003,0.7984684705734253,0.8162913918495178,0.8126634359359741,51.44175338745117,47.08686065673828,44.60578918457031
2026-01-18T18:13:54.921601+00:00,b054e1575bd5254d904f86d413f93f7ede36b16f01ce8119e060b6f707c6871f,image(66).jpg,image/jpeg,0,glioma_tumor,0.9999127388000488,-1.7715468406677246,-1.6816258430480957,-1.4519298076629639,0.5344230532646179,0.5463521480560303,0.5439239740371704,20.21051788330078,32.048973083496094,53.79186248779297
2026-01-18T18:13:55.111505+00:00,03e15b15152fae95316997f60d41be43e56c0bfefdb52df09364f91ba45a7843,image(67).jpg,image/jpeg,0,glioma_tumor,0.9999922513961792,-1.6779669523239136,-1.585957407951355,-1.3566865921020508,0.6359043121337891,0.6500986218452454,0.6472093462944031,25.678478240966797,37.65085983276367,33.668609619140625
2026-01-18T18:13:55.354942+00:00,039687b8d459da27d82239679a8b862b07f90393adc5bd0f511a38a0b7baa04f,image(68).jpg,image/jpeg,0,glioma_tumor,0.9997281432151794,-1.5395654439926147,-1.444466233253479,-1.2158243656158447,0.5910632610321045,0.6042566299438477,0.6015710830688477,33.75931930541992,35.20315170288086,52.40861511230469
2026-01-18T18:13:55.603198+00:00,f99b13c4e56cbca5167f449103b92ca2d7d91c6e7bcd3edb03814ff03dec5a02,image(69).jpg,image/jpeg,0,glioma_tumor,0.9998769760131836,-1.4382274150848389,-1.3408664464950562,-1.112684726715088,0.6966201066970825,0.7121696472167969,0.7090044617652893,39.67287826538086,41.3327751159668,58.05992126464844
2026-01-18T18:13:55.765489+00:00,42f3fe6596e8bed9d7726b2d2ee66763b83698707d8b7ae1d811d385d3b50148,image(7).jpg,image/jpeg,1,meningioma_tumor,0.6643451452255249,-1.3910609483718872,-1.292646884918213,-1.0646798610687256,1.009006381034851,1.0315288305282593,1.0269442796707153,42.44997024536133,59.5726318359375,250.33309936523438
2026-01-18T18:13:55.997151+00:00,8872585c004347ea73fad063e407998e62786cc8d7a0938ad85792f19a55eb0a,image(70).jpg,image/jpeg,0,glioma_tumor,0.9999656677246094,-1.4925215244293213,-1.3963723182678223,-1.1679439544677734,0.6606014966964722,0.6753470301628113,0.6723455190658569,36.5039176940918,39.163692474365234,48.20458221435547
2026-01-18T18:13:56.197126+00:00,8872585c004347ea73fad063e407998e62786cc8d7a0938ad85792f19a55eb0a,image(71).jpg,image/jpeg,0,glioma_tumor,0.9999656677246094,-1.4925215244293213,-1.3963723182678223,-1.1679439544677734,0.6606014966964722,0.6753470301628113,0.6723455190658569,36.5039176940918,39.163692474365234,48.20458221435547
2026-01-18T18:13:56.398595+00:00,dfe3ba072de070d1d78c367f8facb4680032ff69735adda54f57511090770be2,image(72).jpg,image/jpeg,0,glioma_tumor,0.9998787641525269,-1.5629979372024536,-1.4684219360351562,-1.239673376083374,0.6294638514518738,0.6435143947601318,0.6406543254852295,32.391029357910156,37.208740234375,33.06464385986328
2026-01-18T18:13:56.567546+00:00,c0c254d72361be063b495da81e77f92c7c6c8a5d1ba65b724049102be9529488,image(73).jpg,image/jpeg,0,glioma_tumor,0.9995280504226685,-1.513812780380249,-1.4181387424468994,-1.1896138191223145,0.7557900547981262,0.7726603150367737,0.7692263126373291,35.25729751586914,44.74531173706055,47.537330627441406
2026-01-18T18:13:56.756060+00:00,0015ffeb866e7285f86ecf216eb0040043a5bdacebc9b918e4c0707301ed9f7d,image(74).jpg,image/jpeg,0,glioma_tumor,0.9991200566291809,-1.5561635494232178,-1.4614349603652954,-1.232717514038086,0.7400559782981873,0.7565750479698181,0.753212571144104,32.78482437133789,43.95872497558594,78.37274932861328
2026-01-18T18:13:56.934697+00:00,b10e1f39bfe566a4a856d4e3f835c8018c22c4353e3e69905ec8e420be99bfff,image(75).jpg,image/jpeg,0,glioma_tumor,0.9961978793144226,-1.5945459604263306,-1.5006742477416992,-1.271782398223877,0.6729346513748169,0.6879554986953735,0.6848979592323303,30.54367446899414,40.062129974365234,77.29197692871094
2026-01-18T18:13:57.095171+00:00,796bef7680705337015eacd348cb4a83c1b898ca01f14f7c6e24934e1e1e7847,image(76).jpg,image/jpeg,0,glioma_tumor,0.9876009225845337,-1.5335514545440674,-1.4383180141448975,-1.2097034454345703,0.7193146347999573,0.7353707551956177,0.7321024537086487,34.11115646362305,42.7303352355957,83.94144439697266
2026-01-18T18:13:57.233971+00:00,177abe5e79819aaca240e172e350d26a7b6e4d12c1c4c9f5a16c6cbb2e2a650d,image(77).jpg,image/jpeg,1,meningioma_tumor,0.9212677478790283,-0.5392318367958069,-0.4218038320541382,-0.19770686328411102,1.0957057476043701,1.1201634407043457,1.115185022354126,92.1850357055664,65.02986145019531,312.6941833496094
2026-01-18T18:13:57.437442+00:00,38f503c8ec310ca7861d490a609e02d4851144a5db76d37ade47c32cc1a120fd,image(78).jpg,image/jpeg,0,glioma_tumor,0.9309788346290588,-1.0068635940551758,-0.8998737931251526,-0.673652172088623,1.0707849264144897,1.0946863889694214,1.089821219444275,64.8800048828125,63.525123596191406,99.64641571044922
2026-01-18T18:13:57.590766+00:00,cd0ed664951fcfd1ac7657a788f912f298b005d4cd99303da31c8399363c58cc,image(79).jpg,image/jpeg,1,meningioma_tumor,0.957490861415863,-0.23628510534763336,-0.11209497600793839,0.1106254905462265,1.0855916738510132,1.1098235845565796,1.1048911809921265,109.88191223144531,64.4175033569336,246.4317169189453
2026-01-18T18:13:57.797940+00:00,542569de692ce16c2649fe6adee05d1f92757b61835e017ae47e8ac8232f8cbf,image(8).jpg,image/jpeg,1,meningioma_tumor,0.5734220147132874,-0.8148368000984192,-0.7035605907440186,-0.4782114624977112,0.9792012572288513,1.0010583400726318,0.9966092705726624,76.08910369873047,59.045753479003906,556.6509399414062
2026-01-18T18:13:58.016450+00:00,177abe5e79819aaca240e172e350d26a7b6e4d12c1c4c9f5a16c6cbb2e2a650d,image(80).jpg,image/jpeg,1,meningioma_tumor,0.9212677478790283,-0.5392318367958069,-0.4218038320541382,-0.19770686328411102,1.0957057476043701,1.1201634407043457,1.115185022354126,92.1850357055664,65.02986145019531,312.6941833496094
2026-01-18T18:13:58.210617+00:00,a629aadd24c31daa08d9e79dce6c1dfcfa77ac95775b4683ec29663c61cbf9dd,image(81).jpg,image/jpeg,1,meningioma_tumor,0.6566465497016907,-0.9871429204940796,-0.8797128796577454,-0.653580904006958,1.0132622718811035,1.0358797311782837,1.0312758684158325,66.03031921386719,60.05498123168945,195.2212371826172
2026-01-18T18:13:58.416489+00:00,2f794ff2dca5d08b10cc3e37d93030b505f55f55732472bb5600da6e87e49fdd,image(82).jpg,image/jpeg,1,meningioma_tumor,0.7314963936805725,-0.5227875709533691,-0.4049924612045288,-0.18097032606601715,1.3722413778305054,1.4028717279434204,1.3966368436813354,93.14861297607422,81.14677429199219,157.89404296875
2026-01-18T18:13:58.568350+00:00,4564fc45762cd7ce0f3d87222c5030342e6b55dc2e7166a5155f24947345cb90,image(83).jpg,image/jpeg,1,meningioma_tumor,0.8359261751174927,-1.1982194185256958,-1.0955010652542114,-0.8684099316596985,0.8491079807281494,0.8680612444877625,0.8642032742500305,53.68851852416992,50.889556884765625,1330.285400390625
2026-01-18T18:13:58.785295+00:00,917cadd5aad4a8288a4f759d4f4a261e66c3187dbace1293b76aa8434b691b37,image(84).jpg,image/jpeg,2,no_tumor,0.5636928081512451,-0.6027946472167969,-0.48678550124168396,-0.262399822473526,1.2225995063781738,1.2498897314071655,1.2443346977233887,88.45419311523438,72.02249145507812,810.7656860351562
2026-01-18T18:13:58.922932+00:00,68ad50d3393ec4fcea1562cb3b586a4313b88d64f7498c4a38aa3255cfe2322d,image(85).jpg,image/jpeg,1,meningioma_tumor,0.5618166327476501,-1.311455249786377,-1.2112643718719482,-0.9836586713790894,0.810962438583374,0.8290642499923706,0.8253795504570007,47.094078063964844,48.7721061706543,1470.094970703125
2026-01-18T18:13:59.121257+00:00,d8481f5474b13a727f6443dd1335cd9bb7d9875b6b40d07c6690ad2587800bb4,image(86).jpg,image/jpeg,0,glioma_tumor,0.8803691267967224,-1.1015781164169312,-0.9967023730278015,-0.7700503468513489,0.647014319896698,0.6614565849304199,0.6585168242454529,59.345672607421875,38.6453742980957,205.07760620117188
2026-01-18T18:13:59.385647+00:00,44616ce74efefe7cb85b52b925859a0ac00422546acc6706e6177609a5a018c0,image(87).jpg,image/jpeg,1,meningioma_tumor,0.3440841734409332,-1.0713342428207397,-0.9657835960388184,-0.7392690181732178,0.5797988176345825,0.5927407145500183,0.5901063680648804,61.10939407348633,34.776153564453125,203.56044006347656
2026-01-18T18:13:59.656779+00:00,d52c78378cafd933985f96a0dec2f6ed04030369c84ef682500a782605fac594,image(88).jpg,image/jpeg,2,no_tumor,0.9883813261985779,-1.4329142570495605,-1.3354344367980957,-1.1072769165039062,0.938153862953186,0.959094762802124,0.9548321962356567,39.99964141845703,55.64794158935547,152.83255004882812
2026-01-18T18:13:59.875351+00:00,2aa52d4fe80cc67e7240c5f1efabbe1205cd26c8459becfb15dcbbffb876d0f6,image(89).jpg,image/jpeg,1,meningioma_tumor,0.9360955953598022,-1.2787295579910278,-1.1778082847595215,-0.9503514170646667,0.9106264114379883,0.9309529066085815,0.926815390586853,49.006507873535156,53.789249420166016,104.25733947753906
2026-01-18T18:14:00.066258+00:00,54b7260f61700a2df4e28edb56447fb7ab5bf6d30521076aca81e73e85f4fa38,image(9).jpg,image/jpeg,1,meningioma_tumor,0.9888359904289246,-0.7635831832885742,-0.6511631011962891,-0.42604684829711914,1.0753912925720215,1.099395513534546,1.0945093631744385,79.11497497558594,63.688079833984375,610.9915161132812
2026-01-18T18:14:00.262489+00:00,c711a606ec66e74a2bbe5721727a3deeb2fd9e4b20aa50c99afd65d7dea42541,image(90).jpg,image/jpeg,0,glioma_tumor,0.8308728933334351,-1.0041441917419434,-0.897093653678894,-0.670884370803833,0.8006715774536133,0.8185436725616455,0.8149057626724243,65.0404052734375,47.461158752441406,46.54004669189453
2026-01-18T18:14:00.480285+00:00,febc92f7a96b8aa66751a0c737d2c74ce2384058a68f3278ed926b8692b42d04,image(91).jpg,image/jpeg,2,no_tumor,0.522900402545929,-1.1156367063522339,-1.0110747814178467,-0.7843589782714844,1.2303974628448486,1.257861614227295,1.2522711753845215,58.58804702758789,73.57473754882812,562.7570190429688
2026-01-18T18:14:00.699404+00:00,c286938cf23a39ed9c8961a8f56611aa0b52439bf398d1dae781a1cf2671bd98,image(92).jpg,image/jpeg,1,meningioma_tumor,0.6161898970603943,-0.6281231045722961,-0.5126793384552002,-0.2881785035133362,1.2562181949615479,1.2842588424682617,1.2785511016845703,86.99461364746094,74.68111419677734,187.7572784423828
2026-01-18T18:14:00.894932+00:00,04aa41d8514362877d7f8fd81e543bc8584e4a6ba1ac025c2f37515f32abd9b0,image(93).jpg,image/jpeg,2,no_tumor,0.3922729790210724,-0.8876142501831055,-0.7779625654220581,-0.5522827506065369,0.9862958788871765,1.00831139087677,1.003830075263977,71.81367492675781,58.394622802734375,688.8377685546875
2026-01-18T18:14:01.111802+00:00,04aa41d8514362877d7f8fd81e543bc8584e4a6ba1ac025c2f37515f32abd9b0,image(94).jpg,image/jpeg,2,no_tumor,0.3922729790210724,-0.8876142501831055,-0.7779625654220581,-0.5522827506065369,0.9862958788871765,1.00831139087677,1.003830075263977,71.81367492675781,58.394622802734375,688.8377685546875
2026-01-18T18:14:01.301758+00:00,9240553fcd8fe826ed548984db69d2d0178a14adb7aba345b6e7ba539e15d71f,image(95).jpg,image/jpeg,0,glioma_tumor,0.8471701741218567,-1.003703236579895,-0.8966427445411682,-0.6704356074333191,1.1706562042236328,1.196786880493164,1.1914680004119873,65.06419372558594,69.73078918457031,196.689697265625
2026-01-18T18:14:01.493192+00:00,36d2f03fd5b0ffd8a3ac1d2fe9f2c3cf4967f82751629676198f774e0ee21a9c,image(97).jpg,image/jpeg,2,no_tumor,0.8831959366798401,-1.2441725730895996,-1.1424798965454102,-0.915179967880249,1.2065728902816772,1.2335052490234375,1.2280231714248657,51.0208625793457,71.73190307617188,243.5165557861328
2026-01-18T18:14:01.724895+00:00,75a94d8802948910edc24b520257853ad379e8be91af1393bd6b5092b23e05b1,image(98).jpg,image/jpeg,1,meningioma_tumor,0.7332835793495178,-0.913672924041748,-0.804603099822998,-0.5788048505783081,0.9426729083061218,0.9637146592140198,0.959431529045105,70.31697082519531,55.918033599853516,77.6297607421875
2026-01-18T18:14:02.012286+00:00,75a94d8802948910edc24b520257853ad379e8be91af1393bd6b5092b23e05b1,image(99).jpg,image/jpeg,1,meningioma_tumor,0.7332835793495178,-0.913672924041748,-0.804603099822998,-0.5788048505783081,0.9426729083061218,0.9637146592140198,0.959431529045105,70.31697082519531,55.918033599853516,77.6297607421875
2026-01-18T18:14:02.211939+00:00,37462cc70ce94a639e5f567e7f646471c68c66e685eb9fc000c66c3588def449,image.jpg,image/jpeg,1,meningioma_tumor,0.920112133026123,-0.7724366188049316,-0.6602141857147217,-0.43505772948265076,1.0526516437530518,1.076148271560669,1.071365475654602,78.56942749023438,62.28462600708008,69.48446655273438
2026-01-18T18:14:02.382053+00:00,32e58268a4a9d3f82caec378c1065311360f4212c2ab72a1ca6f1ef8ffcca92b,image(1).jpg,image/jpeg,1,meningioma_tumor,0.9573631286621094,-0.8886540532112122,-0.7790257334709167,-0.5533412098884583,1.2301394939422607,1.2575979232788086,1.2520086765289307,71.84860229492188,72.53091430664062,164.266357421875
2026-01-18T18:14:02.547115+00:00,39cabdc25d698ca1fbb4db79efa72184c0f92d854c553ee098d74ccbcfa38fef,image(10).jpg,image/jpeg,1,meningioma_tumor,0.9751997590065002,-0.8531574606895447,-0.74273681640625,-0.5172135233879089,0.90233314037323,0.9224744439125061,0.9183746576309204,73.8458023071289,53.30713653564453,256.8452453613281
2026-01-18T18:14:02.756615+00:00,ab6340a63c76fe15809d9989b432bb6520301573452d9efed240c9e211e100f9,image(100).jpg,image/jpeg,1,meningioma_tumor,0.9958856701850891,-0.5700123310089111,-0.45327144861221313,-0.2290346920490265,0.969733715057373,0.9913794994354248,0.9869734048843384,90.38882446289062,57.233097076416016,584.6549682617188
2026-01-18T18:14:02.917967+00:00,bbc7b2a45a317370ec1115cf902927adfcb71d569c1cf413fc4d1fd68fcdb763,image(102).jpg,image/jpeg,1,meningioma_tumor,0.6829637885093689,-0.9027515053749084,-0.7934379577636719,-0.5676892995834351,0.809820294380188,0.8278965950012207,0.8242171406745911,70.95826721191406,47.99631881713867,763.41162109375
2026-01-18T18:14:03.098488+00:00,287e57e51279330fe35b02999f3e99c4a8d71a2982384edeb6dc21e65e69c853,image(106).jpg,image/jpeg,1,meningioma_tumor,0.9998565912246704,-0.6147249341011047,-0.4989819824695587,-0.2745421230792999,1.3112891912460327,1.3405590057373047,1.3346010446548462,87.77887725830078,77.31737518310547,56.15027618408203
2026-01-18T18:14:03.244202+00:00,c0ad227c9b3d1537b9264900413e3fe0a3ffdcded65a531450f1ba895ae1f8e2,image(107).jpg,image/jpeg,1,meningioma_tumor,0.9998452663421631,-0.9100634455680847,-0.8009127378463745,-0.5751312375068665,1.414194941520691,1.4457616806030273,1.4393361806869507,70.53706359863281,83.56415557861328,521.14111328125
2026-01-18T18:14:03.419633+00:00,bd050c09c3c01a44d48094de9b613423722725e6af36246c60952b9f5c45c729,image(109).jpg,image/jpeg,1,meningioma_tumor,0.999854564666748,-0.5113173723220825,-0.3932662904262543,-0.16929620504379272,1.2843408584594727,1.3130091428756714,1.3071736097335815,93.82546997070312,75.99078369140625,1197.1134033203125
2026-01-18T18:14:03.667410+00:00,10349e0d5645628fe11b685fdb2396ebb7100a8257cd5d8f1e488bb8d92c131b,image(11).jpg,image/jpeg,1,meningioma_tumor,0.9221624135971069,-0.8752235174179077,-0.7652953267097473,-0.539671778678894,0.7059391736984253,0.721696674823761,0.7184891700744629,72.55882263183594,42.01268005371094,372.6884460449219
2026-01-18T18:14:03.877503+00:00,75de2e313a9570e899b592d69c150554c350699b058d3410e2eea78c6db8dc9a,image(112).jpg,image/jpeg,1,meningioma_tumor,0.9999696016311646,-0.5345348715782166,-0.4170021116733551,-0.19292651116847992,1.1897517442703247,1.21630859375,1.2109029293060303,92.47731018066406,70.05647277832031,412.36834716796875
2026-01-18T18:14:04.145581+00:00,efbb74c524ab95fae4c5ff626880c4a7f23d066111ff682ae04c32b5c422af13,image(113).jpg,image/jpeg,1,meningioma_tumor,0.9975147247314453,-0.6140167713165283,-0.498258113861084,-0.2738213539123535,1.3035598993301392,1.3326572179794312,1.3267343044281006,87.81815338134766,76.74098205566406,351.0400390625
2026-01-18T18:14:04.324006+00:00,86847c6a4729a4b19bf1b3f58905c68812c6f75ea680c0ccb1621b94e165d16f,image(118).jpg,image/jpeg,1,meningioma_tumor,0.9007229804992676,-0.8264509439468384,-0.715434193611145,-0.4900321960449219,1.0707781314849854,1.0946794748306274,1.089814305305481,75.41097259521484,63.270477294921875,111.04808807373047
2026-01-18T18:14:04.534101+00:00,0b2a2b578be6b8a5a897047a580f4c331a4ce7999585866bb41e22e46c536cd2,image(12).jpg,image/jpeg,1,meningioma_tumor,0.9246340990066528,-1.5748367309570312,-1.4805251359939575,-1.2517226934432983,0.6337746381759644,0.6479213833808899,0.6450417637825012,31.669910430908203,38.430912017822266,2102.834716796875
2026-01-18T18:14:04.723247+00:00,41bc0c7b4079d2fa8df7b97827a1d9fae68706e6c6457f43186d583da94c6df2,image(120).jpg,image/jpeg,1,meningioma_tumor,0.9992446899414062,-0.0944942831993103,0.03286081552505493,0.2549370527267456,1.033987283706665,1.0570673942565918,1.0523693561553955,118.15422058105469,61.06797409057617,127.58736419677734
2026-01-18T18:14:04.947667+00:00,80954652d15d172bfeddcc5cfbfef504b221e9c5378bbb195a06b2b6c486ce3f,image(121).jpg,image/jpeg,1,meningioma_tumor,0.998808741569519,-1.039646863937378,-0.9333888292312622,-0.707018256187439,0.8487520813941956,0.8676974177360535,0.8638409972190857,63.0258903503418,50.81310272216797,594.0444946289062
2026-01-18T18:14:05.167906+00:00,d67f68d2257405011a6a15401261406f7cbf7449bf0112491c14ceef50fcd73f,image(123).jpg,image/jpeg,1,meningioma_tumor,0.9883038997650146,-0.4148178994655609,-0.2946128845214844,-0.0710812658071518,1.4749521017074585,1.5078750848770142,1.501173496246338,99.46319580078125,87.7330551147461,411.1331787109375
2026-01-18T18:14:05.381613+00:00,8af45389729b1c164ceb212484e338aa6981922aaf14c78afc1d28762b19b2c9,image(124).jpg,image/jpeg,1,meningioma_tumor,0.9998447895050049,-0.6470208168029785,-0.5319989323616028,-0.3074122369289398,1.5373239517211914,1.5716391801834106,1.5646542310714722,85.89627838134766,90.85295104980469,185.13232421875
2026-01-18T18:14:05.615386+00:00,fb2b0e33367c6b46c5aee62ff7fa335a1cd7f185792e84090f8a62e722d91d8b,image(125).jpg,image/jpeg,1,meningioma_tumor,0.9914610385894775,-0.6350615620613098,-0.5197726488113403,-0.2952403724193573,1.3202177286148071,1.349686861038208,1.3436883687973022,86.58934020996094,77.64818572998047,238.4714813232422
2026-01-18T18:14:05.853548+00:00,d122fa995de9d5266344d97c7e2d6973210911f4c8e549575c873b82aee3ae2a,image(126).jpg,image/jpeg,1,meningioma_tumor,0.9998155236244202,-0.6149508357048035,-0.49921298027038574,-0.2747720777988434,1.3021961450576782,1.3312629461288452,1.3253463506698608,87.76699829101562,76.75696563720703,40.658966064453125
2026-01-18T18:14:06.100721+00:00,5bf68ff9f2e5036539b29f1b87ef5df6f1314ab89ae7fe6d180efaec6394bd5e,image(127).jpg,image/jpeg,1,meningioma_tumor,0.9989930987358093,-0.64757239818573,-0.5325627326965332,-0.30797356367111206,1.0340256690979004,1.057106614112854,1.0524083375930786,85.85892486572266,60.985595703125,41.17450714111328
2026-01-18T18:14:06.298619+00:00,6f41b1588a32f33ec72b5d3a277d2a84a3bbc7b030b50dd54b3733f75653e926,image(13).jpg,image/jpeg,1,meningioma_tumor,0.9997585415840149,-1.2523975372314453,-1.150888442993164,-0.923551082611084,0.8942092657089233,0.9141692519187927,0.910106360912323,50.551334381103516,53.52629852294922,545.57177734375
2026-01-18T18:14:06.501332+00:00,ea3bd80a786c4d44d3ed6c16fdcfd829fa7045d0227c623dc3ee1ef86f7adb39,image(14).jpg,image/jpeg,1,meningioma_tumor,0.9981550574302673,-0.5516681671142578,-0.43451783061027527,-0.21036438643932343,1.1980116367340088,1.2247529029846191,1.2193095684051514,91.4721450805664,70.85253143310547,507.9005126953125
2026-01-18T18:14:06.717006+00:00,065838e8c921af9cd741387fc62a1caf696e46c11fe15ac6ef95982cc9b74dee,image(15).jpg,image/jpeg,1,meningioma_tumor,0.9998377561569214,-0.7403889298439026,-0.6274511218070984,-0.4024401605129242,0.8829050064086914,0.9026126861572266,0.8986011743545532,80.43756103515625,52.01192092895508,84.3277359008789
2026-01-18T18:14:06.940368+00:00,790486755f0d3a02e2de284d3b28d5c238080836afad61cfbd60b8b8bf9820d8,image(16).jpg,image/jpeg,1,meningioma_tumor,0.9594336748123169,-0.24862253665924072,-0.12470778822898865,0.09806874394416809,1.0590134859085083,1.08265221118927,1.0778404474258423,109.1653823852539,62.620235443115234,871.889892578125
2026-01-18T18:14:07.125400+00:00,3b2ba8de971d62969e17bbb638dd8ab6ae3d3aa87edacaf28918e9ce8eb95dd9,image(17).jpg,image/jpeg,1,meningioma_tumor,0.9704751968383789,-0.5355744361877441,-0.4180648922920227,-0.19398458302021027,1.0169821977615356,1.0396826267242432,1.0350619554519653,92.40003967285156,59.99955749511719,226.8268585205078
2026-01-18T18:14:07.324210+00:00,9dcd34c5328623dc7c0f06cbb7598017efbb3b6b59d3a70c099343922290de99,image(18).jpg,image/jpeg,1,meningioma_tumor,0.9920473098754883,-0.876732349395752,-0.7668378353118896,-0.541207492351532,1.0719287395477295,1.0958555936813354,1.0909851789474487,72.4762191772461,64.29657745361328,203.1731719970703
2026-01-18T18:14:07.525735+00:00,bb916ba7fe525b5ba8f325bdfb2941bbb9119c84f0ae3662a59bcd342679cfe8,image(19).jpg,image/jpeg,1,meningioma_tumor,0.9995293617248535,-0.7300613522529602,-0.6168929934501648,-0.3919290006160736,0.859345555305481,0.8785273432731628,0.8746228814125061,81.04013061523438,50.87052917480469,235.96316528320312
2026-01-18T18:14:07.730274+00:00,b8a42737f41cb71d02cc8f6ea840c15f91ec938639d089be773149eb7cd878a6,image(2).jpg,image/jpeg,1,meningioma_tumor,0.9991849064826965,-1.0029646158218384,-0.8958877325057983,-0.6696838736534119,0.8929750919342041,0.9129075407981873,0.9088502526283264,65.1029052734375,52.419559478759766,22.8962459564209
2026-01-18T18:14:07.926250+00:00,49938c1a7f37ea232898c06615f57fef3e9a8a464c93a20206394a1aa2360e46,image(20).jpg,image/jpeg,1,meningioma_tumor,0.9999947547912598,-1.1062434911727905,-1.0014721155166626,-0.7747988700866699,0.9129264950752258,0.9333043098449707,0.9291563630104065,59.07467269897461,53.89767074584961,161.72901916503906
2026-01-18T18:14:08.108233+00:00,deb3cf8255416bd3f24f48f7159965f9e48b5b346e5b22a41b11f8a7f22edec7,image(21).jpg,image/jpeg,1,meningioma_tumor,0.9983490705490112,-1.0401123762130737,-0.9338646531105042,-0.7074920535087585,0.9612372517585754,0.9826934337615967,0.9783259630203247,62.93891906738281,56.49119567871094,84.25669860839844
2026-01-18T18:14:08.280608+00:00,535e5fd3284fb948f3b07147480899b2df00c0705e3ff3e5808d96bd30be2057,image(22).jpg,image/jpeg,1,meningioma_tumor,0.9908237457275391,-1.2477483749389648,-1.1461353302001953,-0.9188193678855896,1.0240731239318848,1.0469318628311157,1.0422788858413696,50.8158073425293,60.50324249267578,247.2078857421875
2026-01-18T18:14:08.464153+00:00,8288cd2152fc6daeaf7da557eca1d0f2e9e72367ee10b4c5e09248597637e82a,image(23).jpg,image/jpeg,1,meningioma_tumor,0.9995871186256409,-1.1758172512054443,-1.0725985765457153,-0.8456095457077026,1.04410982131958,1.067415714263916,1.0626717805862427,55.0007209777832,61.49432373046875,313.2986145019531
2026-01-18T18:14:08.681657+00:00,86847c6a4729a4b19bf1b3f58905c68812c6f75ea680c0ccb1621b94e165d16f,image(24).jpg,image/jpeg,1,meningioma_tumor,0.9007229804992676,-0.8264509439468384,-0.715434193611145,-0.4900321960449219,1.0707781314849854,1.0946794748306274,1.089814305305481,75.41097259521484,63.270477294921875,111.04808807373047
2026-01-18T18:14:08.885633+00:00,b31d723ab6491c8da12fddc8b756b398e5f35cf08f063f092b1a8c7cbc2d78c3,image(25).jpg,image/jpeg,1,meningioma_tumor,0.87766033411026,-1.2145986557006836,-1.1122453212738037,-0.8850802183151245,1.2814290523529053,1.3100322484970093,1.3042100667953491,52.74888229370117,76.12908935546875,553.17431640625
2026-01-18T18:14:09.107493+00:00,b1836f483d7ab83307c909363656cb6aa3ab4b707343d4f5bafdc5f45890935e,image(26).jpg,image/jpeg,1,meningioma_tumor,0.9997549653053284,-1.2891596555709839,-1.1884708404541016,-0.9609668254852295,1.0698516368865967,1.093732237815857,1.0888712406158447,48.66229248046875,64.41793823242188,720.7198486328125
2026-01-18T18:14:09.302082+00:00,4b341616b6b9a8c0060988aa8174ee101aca4f96ae8007a2df0137ff2c33d5dd,image(27).jpg,image/jpeg,1,meningioma_tumor,0.999881386756897,-0.9958412051200867,-0.8886052370071411,-0.662433922290802,1.397114872932434,1.4283004999160767,1.4219526052474976,65.52515411376953,82.55583953857422,483.2669982910156
2026-01-18T18:14:09.503344+00:00,4cc66638107c582da061fb013badc87dfb5dbdb94deee50550a5df8b967d9947,image(28).jpg,image/jpeg,1,meningioma_tumor,0.9999475479125977,-0.8569923639297485,-0.7466570138931274,-0.5211166143417358,1.4034067392349243,1.4347326755523682,1.4283561706542969,73.62826538085938,82.69928741455078,311.60015869140625
2026-01-18T18:14:09.736267+00:00,87886ae7a7ec7535a975fa0b267d5889a995699a4fd5d7672f5a7346659dff38,image(29).jpg,image/jpeg,1,meningioma_tumor,0.971811830997467,-0.5665393471717834,-0.44972091913223267,-0.2254999727010727,1.3275145292282104,1.3571466207504272,1.3511148691177368,90.5958023071289,77.94261169433594,390.5870056152344
2026-01-18T18:14:09.878728+00:00,dd744532f6d754160bbcb4b1c72a140d4f63874222ef8785d22d0ac046271bc9,image(3).jpg,image/jpeg,1,meningioma_tumor,0.9856507182121277,-1.5514904260635376,-1.4566574096679688,-1.2279614210128784,0.6605137586593628,0.6752573847770691,0.6722562909126282,33.07736587524414,39.029502868652344,207.92767333984375
2026-01-18T18:14:10.064805+00:00,cdc4d724a668388abc3657213ea91c3e8d849b2c7e155dc4676ca38a4396b618,image(30).jpg,image/jpeg,1,meningioma_tumor,0.9999096393585205,-0.5197227001190186,-0.4018593728542328,-0.17785103619098663,1.1869500875473022,1.213444471359253,1.2080515623092651,93.3169174194336,69.87178039550781,428.2947082519531
2026-01-18T18:14:10.279026+00:00,49123208b118fc9fea58265c4033396e264cbcac373ee2878076baf38aaf412b,image(31).jpg,image/jpeg,1,meningioma_tumor,0.9930877089500427,-0.4875069856643677,-0.36892446875572205,-0.14506255090236664,1.28029203414917,1.3088699579238892,1.3030527830123901,95.2203369140625,75.47531127929688,1407.830810546875
2026-01-18T18:14:10.490777+00:00,935ba7f0696adb99b0bc47bd75e6ae0ae86426d1fb6922dac8b9569ddaea8a16,image(32).jpg,image/jpeg,1,meningioma_tumor,0.9986346364021301,-1.0690255165100098,-0.9634231328964233,-0.7369191646575928,1.034631371498108,1.0577257871627808,1.0530247688293457,61.24895477294922,60.94921112060547,147.0615997314453
2026-01-18T18:14:10.690293+00:00,d42c2063d877d317380155375c55a3f736e1202e404cbfa0d4507bef3350f4e3,image(33).jpg,image/jpeg,1,meningioma_tumor,0.9900767207145691,-0.6481013894081116,-0.5331035256385803,-0.30851203203201294,1.321951150894165,1.3514589071273804,1.3454525470733643,85.82923889160156,77.74768829345703,230.8457794189453
2026-01-18T18:14:10.854058+00:00,5c6da12069abad1ea0d958b7cbeec5b4ebed459dc9b1f2177246cc4e597b0b4b,image(34).jpg,image/jpeg,1,meningioma_tumor,0.9996737241744995,-0.6304726004600525,-0.5150812268257141,-0.2905697226524353,1.138064980506897,1.1634682416915894,1.1582973003387451,86.85979461669922,67.14466857910156,201.1046905517578
2026-01-18T18:14:11.037491+00:00,64d6885599aa04ff6a12e8f961437ba39c355f66f67beac2992daedcf2f6e20e,image(35).jpg,image/jpeg,1,meningioma_tumor,0.9998799562454224,-0.6869542598724365,-0.5728236436843872,-0.34805554151535034,1.123539686203003,1.1486186981201172,1.143513798713684,83.5541763305664,66.33665466308594,154.46160888671875
2026-01-18T18:14:11.217011+00:00,2c9f7f2d80eac2f53f5a58d8a45f5e29aa942b5f9899dffa56592aeec66c3975,image(36).jpg,image/jpeg,1,meningioma_tumor,0.7529857754707336,-1.1827653646469116,-1.0797019004821777,-0.852681040763855,0.966964840888977,0.9885488152503967,0.9841553568840027,54.5565185546875,57.70184326171875,1530.4158935546875
2026-01-18T18:14:11.395211+00:00,b981ea69aea30d8a852c1eed9f64a190a101c6f2b9b1d26b16d0864251d5ecb9,image(37).jpg,image/jpeg,1,meningioma_tumor,0.9866913557052612,-0.6477624773979187,-0.532757043838501,-0.308167040348053,1.1277124881744385,1.152884602546692,1.1477607488632202,85.8563003540039,66.66378784179688,193.59896850585938
2026-01-18T18:14:11.583856+00:00,f9c7519fa1b025afb6c7dcb3e7ac3807ab36ffaa535b8dbf72ed6b418303f486,image(38).jpg,image/jpeg,1,meningioma_tumor,0.988454282283783,-0.4223127067089081,-0.3022749125957489,-0.07870929688215256,1.2906384468078613,1.3194472789764404,1.3135831356048584,99.01654815673828,75.94905090332031,164.1439971923828
2026-01-18T18:14:11.717367+00:00,1940c7f8e7f72ab5b9e674953238fcb4b63ccf6d3d320661e57511070655b5aa,image(39).jpg,image/jpeg,1,meningioma_tumor,0.9968710541725159,-0.7087717652320862,-0.5951282382011414,-0.37026098370552063,1.0584487915039062,1.082074761390686,1.0772656202316284,82.28892517089844,62.89621353149414,396.374267578125
2026-01-18T18:14:11.938209+00:00,ca02d2e726540598237ff366f8a9d4078f5f045bc85b2a996c8c044228fb8cf7,image(4).jpg,image/jpeg,1,meningioma_tumor,0.9779369235038757,-0.8653600811958313,-0.7552117109298706,-0.529633104801178,1.1981902122497559,1.2249354124069214,1.2194913625717163,73.141845703125,70.6787338256836,165.68743896484375
2026-01-18T18:14:12.098426+00:00,066502884d443971d71836da239f41751eefdbb164af957947ad82fa6f584944,image(40).jpg,image/jpeg,1,meningioma_tumor,0.9993756413459778,-0.7529133558273315,-0.6402550339698792,-0.4151872992515564,1.077115774154663,1.1011584997177124,1.0962646007537842,79.70733642578125,63.88640594482422,304.57647705078125
2026-01-18T18:14:12.268795+00:00,de382067b21e04f72300a7acbe0d7c1c4b2cca4a65153f9816155f0c7afb4dc2,image(41).jpg,image/jpeg,1,meningioma_tumor,0.9998753070831299,-1.209565281867981,-1.107100248336792,-0.8799575567245483,0.7505068778991699,0.7672592401504517,0.7638492584228516,53.0362434387207,44.39421463012695,91.70286560058594
2026-01-18T18:14:12.462110+00:00,6ad191b6525adf85064c08ec3ab520ca7fc28acb73bd31781d54d8e03315e139,image(42).jpg,image/jpeg,1,meningioma_tumor,0.9997932314872742,-0.5951632857322693,-0.4789838492870331,-0.25463277101516724,0.7301611304283142,0.7464593648910522,0.7431418299674988,88.92066955566406,43.17381286621094,135.50233459472656
2026-01-18T18:14:12.657080+00:00,0d788a5156cb295ffdd9eefb5ca7f88a68d6e5e93fbee087d879d37a088c460a,image(43).jpg,image/jpeg,1,meningioma_tumor,0.9994558691978455,-1.324017882347107,-1.2241075038909912,-0.9964447021484375,0.5627559423446655,0.5753174424171448,0.5727604627609253,46.357234954833984,33.41975021362305,57.55086898803711
2026-01-18T18:14:12.862753+00:00,d2e28f585c7aec0c59898578a258d64189c62a1845bde369407e3766b648d868,image(44).jpg,image/jpeg,1,meningioma_tumor,0.9873898029327393,-1.3268625736236572,-1.227015733718872,-0.9993401169776917,0.6239189505577087,0.6378456950187683,0.635010838508606,46.1893196105957,37.07927322387695,87.88033294677734
2026-01-18T18:14:13.048046+00:00,eadc6dd552a21452ea3a1f171e62f805c6f66927d6f8670961aac7e9495ded81,image(45).jpg,image/jpeg,1,meningioma_tumor,0.9996873140335083,-0.6344499588012695,-0.5191474556922913,-0.2946178615093231,1.1389567852020264,1.1643798351287842,1.1592049598693848,86.62821197509766,67.19951629638672,200.58511352539062
2026-01-18T18:14:13.213562+00:00,862b1e94cca563591845710664be57fa2ce1bc18f317233d285f5b396c6cd27c,image(46).jpg,image/jpeg,1,meningioma_tumor,0.9998936653137207,-0.6695684194564819,-0.5550497770309448,-0.33036065101623535,1.1175627708435059,1.1425083875656128,1.1374306678771973,84.5730209350586,65.99826049804688,151.0513458251953
2026-01-18T18:14:13.428071+00:00,a8a63f4a08ad17bdb54d156f983114a023a2fbd000ec12e313d4ce0b945cef47,image(47).jpg,image/jpeg,1,meningioma_tumor,0.9997093081474304,-0.840550422668457,-0.7298483848571777,-0.504382312297821,0.9898300170898438,1.011924386024475,1.0074269771575928,74.58624267578125,58.76034927368164,1285.2901611328125
2026-01-18T18:14:13.612419+00:00,a38b676439364d3256ea573bc1900a682b3d39a3d71cd58749ef42acc8c8a7d6,image(48).jpg,image/jpeg,1,meningioma_tumor,0.9911652207374573,-0.5471705794334412,-0.4299198389053345,-0.2057868391275406,0.9008198976516724,0.9209274649620056,0.9168344736099243,91.70613861083984,53.85041809082031,1406.716796875
2026-01-18T18:14:13.821034+00:00,d04c10c4f3530ea0dc96002c117a18ed2252afe362b935aec1c673eec7fa0b4b,image(49).jpg,image/jpeg,1,meningioma_tumor,0.9992921352386475,-1.4565011262893677,-1.3595478534698486,-1.131283164024353,0.8380240201950073,0.8567298650741577,0.852922260761261,38.625919342041016,49.89017868041992,72.42192077636719
2026-01-18T18:14:14.061913+00:00,2e60df06c0a37aa6f08fa9c4ab43f2cd32065992aa9f4bda90b7841837b452b2,image(5).jpg,image/jpeg,2,no_tumor,0.6116255521774292,-1.0749973058700562,-0.9695284366607666,-0.7429972290992737,0.9509896636009216,0.9722170829772949,0.9678961634635925,60.8995246887207,56.21082305908203,344.4010925292969
2026-01-18T18:14:14.292571+00:00,a147b1910d63258713da833522f6e321bed28401314d5248fbab73df9a46bcac,image(50).jpg,image/jpeg,1,meningioma_tumor,0.9888074398040771,-0.8399122357368469,-0.7291958332061768,-0.5037327408790588,0.8327813148498535,0.8513701558113098,0.8475863337516785,74.61578369140625,49.95512008666992,1392.4539794921875
2026-01-18T18:14:14.456926+00:00,bd86e9a929172ffcf244db8b2839d51746f0ca95fdd81c79916babd1d154a2db,image(51).jpg,image/jpeg,1,meningioma_tumor,0.9996289014816284,-0.874066174030304,-0.7641121745109558,-0.5384938716888428,1.0530650615692139,1.0765708684921265,1.0717861652374268,72.75870513916016,63.42234420776367,1113.130859375
2026-01-18T18:14:14.632382+00:00,6a86bd97e2f696c93ab917bef8d9bf7ed7d151237e3bc437aedb265b793c0697,image(52).jpg,image/jpeg,1,meningioma_tumor,0.9828130602836609,-0.8726149797439575,-0.7626286745071411,-0.5370169281959534,0.9732032418251038,0.9949265122413635,0.9905046820640564,72.69950103759766,57.78737258911133,986.3818359375
2026-01-18T18:14:14.752059+00:00,56cf9f66248d14af34d23eaa420b0c509a94f19c63b1937f8bf63f92cca301f5,image(53).jpg,image/jpeg,1,meningioma_tumor,0.9994562268257141,-0.9361921548843384,-0.8276248574256897,-0.6017244458198547,0.9796285629272461,1.0014952421188354,0.9970442056655884,68.99480438232422,57.61323547363281,246.85906982421875
2026-01-18T18:14:14.879986+00:00,da0737aaaf93cfdef149e05839b9e2bf5b6709a5f0dd712dda2cb31e7c8f9e46,image(54).jpg,image/jpeg,1,meningioma_tumor,0.9368087649345398,-0.9572178721427917,-0.849120020866394,-0.6231240034103394,0.8634691834449768,0.8827430009841919,0.8788197636604309,67.7371597290039,51.28483963012695,2911.134765625
2026-01-18T18:14:15.062529+00:00,4061e76d26b82a92d71bd6440dad3bb875b36fc8443f6d48c1e33d16f6658729,image(55).jpg,image/jpeg,1,meningioma_tumor,0.9999351501464844,-1.0764687061309814,-0.9710326194763184,-0.7444947957992554,1.0303786993026733,1.0533781051635742,1.048696517944336,60.796810150146484,62.21720504760742,4165.69384765625
2026-01-18T18:14:15.319095+00:00,125530a0b5968fe663f809962787246d3a5576167d38f493bcf82a97f4454779,image(56).jpg,image/jpeg,1,meningioma_tumor,0.9870505332946777,-1.217339038848877,-1.115047574043274,-0.8878694772720337,1.0274313688278198,1.0503650903701782,1.0456968545913696,52.58952713012695,60.75373077392578,7.780089378356934
2026-01-18T18:14:15.538708+00:00,03ce76b527d01938dde828aa4b9e3e882cee655017ea9ed27effa47790f184d2,image(57).jpg,image/jpeg,1,meningioma_tumor,0.999954342842102,-1.2796046733856201,-1.178702712059021,-0.9512420296669006,0.7658789753913879,0.7829744815826416,0.7794946432113647,48.95199203491211,45.029747009277344,5.69392204284668
2026-01-18T18:14:15.741552+00:00,ba6bb4c25be87a339ccfda7a83e3d3018a19a9f2d7d53321c9dcf7a41d7134ee,image(58).jpg,image/jpeg,1,meningioma_tumor,0.9990859031677246,-1.0030732154846191,-0.8959987163543701,-0.6697943806648254,0.8931605219841003,0.9130971431732178,0.9090389609336853,65.09537506103516,52.42949295043945,23.71507453918457
2026-01-18T18:14:15.894537+00:00,664c8e8cd61fc28844149e95bf4c7b75bc9012d92869446f94d4dc8f8c7bece9,image(59).jpg,image/jpeg,1,meningioma_tumor,0.917815089225769,0.24124079942703247,0.37608999013900757,0.5966408252716064,1.2679228782653809,1.2962247133255005,1.2904638051986694,137.76429748535156,74.60041046142578,348.7038879394531
2026-01-18T18:14:16.056162+00:00,96d13f31ce2855d42059c938bca3fbe684753e76f98c67d0d9aaae0e8d0fbd90,image(6).jpg,image/jpeg,1,meningioma_tumor,0.958964467048645,-0.31517210602760315,-0.19274280965328217,0.030336078256368637,1.30564284324646,1.3347866535186768,1.3288543224334717,105.26695251464844,77.5012435913086,512.5472412109375
2026-01-18T18:14:16.330051+00:00,f55311fb8ccf1b86450233262bd00b176bd1c404e5849b59c0a3cd5e4440626b,image(60).jpg,image/jpeg,1,meningioma_tumor,0.8438199162483215,-0.6621350646018982,-0.5474504232406616,-0.3227951228618622,0.8686758875846863,0.8880659341812134,0.8841190338134766,85.01078796386719,51.155086517333984,70.4769287109375
2026-01-18T18:14:16.530856+00:00,560108cf47bf68a25d59b30642274cf8a2eef0596e6ce275e878652c3ab65f0d,image(61).jpg,image/jpeg,1,meningioma_tumor,0.9505296945571899,-0.8344900012016296,-0.7236526608467102,-0.4982142150402069,1.1465928554534912,1.1721863746643066,1.166976809501648,74.94416809082031,67.49823760986328,124.69486999511719
2026-01-18T18:14:16.715765+00:00,f55311fb8ccf1b86450233262bd00b176bd1c404e5849b59c0a3cd5e4440626b,image(62).jpg,image/jpeg,1,meningioma_tumor,0.8438199162483215,-0.6621350646018982,-0.5474504232406616,-0.3227951228618622,0.8686758875846863,0.8880659341812134,0.8841190338134766,85.01078796386719,51.155086517333984,70.4769287109375
2026-01-18T18:14:16.911974+00:00,b576353f83cb34f2c43fc58122209388e2a12e64864e9b967d496ff79bb10927,image(63).jpg,image/jpeg,1,meningioma_tumor,0.9999953508377075,-0.38907140493392944,-0.2682916820049286,-0.04487701877951622,1.2854405641555786,1.3141334056854248,1.3082929849624634,100.94548034667969,76.28131103515625,1173.1907958984375
2026-01-18T18:14:17.136202+00:00,c1a08f474188d182e6243e1a4655f9731307c63399e7ada68048c588dfb990ed,image(64).jpg,image/jpeg,1,meningioma_tumor,0.9946931004524231,-1.1403741836547852,-1.0363646745681763,-0.8095363974571228,0.8880442380905151,0.9078666567802429,0.9038317203521729,57.07102966308594,52.46769714355469,561.1062622070312
2026-01-18T18:14:17.338414+00:00,d50fe37de5cb0b6f97374864487a719fcaaca4e9ede3ef711b623314d64cdbc9,image(65).jpg,image/jpeg,1,meningioma_tumor,0.9984620809555054,-1.0450876951217651,-0.9389511346817017,-0.7125558853149414,0.961554229259491,0.9830174446105957,0.9786485433578491,62.645816802978516,56.50969696044922,81.22151184082031
2026-01-18T18:14:17.490961+00:00,32aeabe5bd8a77001d06adbb24a0c1727d110692d91e6a5143251f9719696b58,image(66).jpg,image/jpeg,1,meningioma_tumor,0.9999963045120239,-1.06072998046875,-0.954942524433136,-0.7284762263298035,0.9075859785079956,0.9278445839881897,0.9237208962440491,61.73258590698242,53.59381866455078,168.27639770507812
2026-01-18T18:14:17.702324+00:00,9cae4b313ce3331190a0d872b36cd7b023737156a29c681e13ef9384828478f9,image(67).jpg,image/jpeg,1,meningioma_tumor,0.9999514818191528,-0.8674748539924622,-0.7573735117912292,-0.5317854881286621,1.4020707607269287,1.4333668947219849,1.4269964694976807,73.01457977294922,82.62334442138672,310.9097595214844
2026-01-18T18:14:17.879076+00:00,8e3337290795e87f60d3aae62e5dc24891c709967907fb85545364a8682a368b,image(68).jpg,image/jpeg,1,meningioma_tumor,0.9160518050193787,-0.9917363524436951,-0.8844090104103088,-0.6582560539245605,0.8543863296508789,0.8734574913978577,0.8695755004882812,65.74968719482422,50.97018051147461,1431.75146484375
2026-01-18T18:14:18.170575+00:00,36f571bbd7db967e68e0e0bddba8f81ee825221e166dad668c8323c557129f9b,image(69).jpg,image/jpeg,1,meningioma_tumor,0.9944494962692261,-1.1091676950454712,-1.0044615268707275,-0.7777750492095947,0.8394137024879456,0.8581506013870239,0.854336678981781,58.898746490478516,51.3654670715332,3318.602294921875
2026-01-18T18:14:18.376004+00:00,85810ba8cb4b872c9b258e404db14581906135c54f678bc4ea4d8c706f8530af,image(7).jpg,image/jpeg,1,meningioma_tumor,0.9987975358963013,-0.7681722640991211,-0.6558545827865601,-0.43071746826171875,1.0772665739059448,1.1013126373291016,1.096418023109436,78.81461334228516,63.987823486328125,477.656982421875
2026-01-18T18:14:18.568934+00:00,2879fe07fda1859fa38e6b675d8fb6cb92addc19a467a5a66c4834e345734752,image(70).jpg,image/jpeg,1,meningioma_tumor,0.999538779258728,-1.182541012763977,-1.0794726610183716,-0.85245281457901,1.0273245573043823,1.0502558946609497,1.0455881357192993,54.582557678222656,60.39887619018555,711.9083862304688
2026-01-18T18:14:18.770743+00:00,8238d1f576cd9a0d6fb599baa2dec1f08b8d9355412d1cf91db367a8729da07f,image(71).jpg,image/jpeg,2,no_tumor,0.8975540995597839,-0.6206572651863098,-0.5050467848777771,-0.28057992458343506,0.7951312065124512,0.8128796219825745,0.8092668652534485,87.42808532714844,47.02020263671875,426.5346984863281
2026-01-18T18:14:18.961482+00:00,15a557c6c92879340272c82ea514712faecbccf15b3f08c9070040b8e685d66f,image(72).jpg,image/jpeg,1,meningioma_tumor,0.972382664680481,-0.33115246891975403,-0.20907993614673615,0.014071586541831493,1.3162935972213745,1.3456751108169556,1.3396943807601929,104.31976318359375,78.205078125,2090.066162109375
2026-01-18T18:14:19.229096+00:00,cf13d1ba3994cea11a9c3ff8df2934c324f15b393c6aadc20235c2eaa784ac9a,image(73).jpg,image/jpeg,1,meningioma_tumor,0.9970856308937073,-0.31223562359809875,-0.18974077701568604,0.033324774354696274,1.0797940492630005,1.1038966178894043,1.0989904403686523,105.43667602539062,63.51974105834961,302.5530090332031
2026-01-18T18:14:19.409082+00:00,8aaadd0f631a11d4e11796b9afc422aea41548c3b9607b338377f3002747101e,image(74).jpg,image/jpeg,1,meningioma_tumor,0.9919994473457336,-0.9715973138809204,-0.8638203740119934,-0.6377589702606201,0.8244683742523193,0.8428716659545898,0.8391255736351013,66.94105529785156,48.59181213378906,467.47393798828125
2026-01-18T18:14:19.562846+00:00,ce9682cf32ab75a300537fc7170a731c536079308142e167d949634b29034aec,image(75).jpg,image/jpeg,1,meningioma_tumor,0.9920010566711426,-1.1711255311965942,-1.0678023099899292,-0.8408343195915222,0.834367573261261,0.8529918193817139,0.8492007851600647,55.26763916015625,49.758399963378906,1200.285888671875
2026-01-18T18:14:19.763721+00:00,024bdc364dc642a401ddca2ba91863d0f07055ed69594942b24d5f9724e2d737,image(76).jpg,image/jpeg,1,meningioma_tumor,0.9809751510620117,-1.0555412769317627,-0.9496380686759949,-0.7231951951980591,0.903105616569519,0.92326420545578,0.9191608428955078,62.04325485229492,53.35176467895508,465.5744323730469
2026-01-18T18:14:20.005683+00:00,b328f1679bf050f684a0a1f3b33805551b2ad2858a604308dee607c4643b3571,image(77).jpg,image/jpeg,1,meningioma_tumor,0.9999881982803345,-0.33492788672447205,-0.21293962001800537,0.010229066014289856,1.0336869955062866,1.056760311126709,1.0520637035369873,104.10917663574219,60.83506393432617,235.29718017578125
2026-01-18T18:14:20.206068+00:00,49c810e7ddca052ccb178d3cdd4cec11a9f80f06e091d0672fcb522a0b7fea47,image(78).jpg,image/jpeg,1,meningioma_tumor,0.9935709238052368,-0.11552685499191284,0.011358791030943394,0.23353059589862823,0.9694762229919434,0.9911162257194519,0.986711323261261,116.90158081054688,57.31351089477539,133.97251892089844
2026-01-18T18:14:20.364883+00:00,960bb35fb0e7a91fba080e7b48cf93de2f16cec883d25c2579c0d170dc599b20,image(79).jpg,image/jpeg,1,meningioma_tumor,0.9998112320899963,-0.7742012143135071,-0.6620181202888489,-0.4368536174297333,1.1482235193252563,1.1738535165786743,1.168636441230774,78.44606018066406,67.85834503173828,730.860595703125
2026-01-18T18:14:20.591772+00:00,52f5ab2cd9062f8345c03115db0773650ebae255d3f2c8561a9f2336cabbb5a8,image(8).jpg,image/jpeg,1,meningioma_tumor,0.9983888864517212,-1.4605783224105835,-1.3637161254882812,-1.1354330778121948,0.5839595198631287,0.5969943404197693,0.5943410396575928,38.3844108581543,34.83950424194336,48.43868637084961
2026-01-18T18:14:20.788189+00:00,a63f2866a725f2b4a72deebd9399962fa5fd20a0a5a7b3c571bd97ba1365c857,image(80).jpg,image/jpeg,1,meningioma_tumor,0.9149293899536133,-1.2109334468841553,-1.108498454093933,-0.8813499212265015,1.2769644260406494,1.3054680824279785,1.2996660470962524,52.96049499511719,75.67880249023438,2174.169189453125
2026-01-18T18:14:21.071958+00:00,51052c8439701c2832aaa26111104f4f7e03c0c99641205ee29cea957bf44a35,image(81).jpg,image/jpeg,1,meningioma_tumor,0.9999555349349976,-1.673285961151123,-1.5811715126037598,-1.3519222736358643,0.6616318821907043,0.6764004230499268,0.6733942627906799,25.96375274658203,39.05752944946289,204.2767791748047
2026-01-18T18:14:21.306813+00:00,189c6dfd75947dadad4abd3daff45ce9d5b1909c9eea812d796eca85896f39e2,image(82).jpg,image/jpeg,1,meningioma_tumor,0.9982568621635437,-1.0034748315811157,-0.8964095115661621,-0.6702032089233398,0.8947663307189941,0.9147387742996216,0.9106733202934265,65.0787582397461,52.472633361816406,265.4750061035156
2026-01-18T18:14:21.469662+00:00,bf179c5981986242a58d0c3b3ddb9ec1a487e89979c9b8346d2412cc792b20d7,image(83).jpg,image/jpeg,1,meningioma_tumor,0.9966795444488525,-1.040094256401062,-0.9338462352752686,-0.7074736952781677,0.8544137477874756,0.8734854459762573,0.8696033358573914,62.939090728759766,50.271217346191406,1174.0133056640625
2026-01-18T18:14:21.609516+00:00,0e0691ddbafbb3de52d589c410cadc2279466b3a5d085c9af34140d407062f73,image(84).jpg,image/jpeg,1,meningioma_tumor,0.9999469518661499,-0.8701398968696594,-0.7600983381271362,-0.5344979166984558,0.9865591526031494,1.0085805654525757,1.0040979385375977,72.81746673583984,58.42168045043945,2108.642578125
2026-01-18T18:14:21.775266+00:00,20c540c392630d5bba27c8a6c47a1933df2a9803135b061ef80652904e810432,image(85).jpg,image/jpeg,1,meningioma_tumor,0.9992431402206421,-0.12253805994987488,0.00419108010828495,0.22639472782611847,1.049828052520752,1.0732617378234863,1.0684916973114014,116.50444793701172,62.07905578613281,873.728515625
2026-01-18T18:14:21.967152+00:00,776c01ae38336a0f10e1f54fc77e2f307a60c904daaf11713015db72378c54f8,image(86).jpg,image/jpeg,1,meningioma_tumor,0.9818832874298096,-1.070838451385498,-0.9652765393257141,-0.7387642860412598,1.1215044260025024,1.1465380191802979,1.1414424180984497,61.151004791259766,66.26446533203125,1081.59619140625
2026-01-20T12:19:28.018935+00:00,ae248fdc7e8b1d8125443bd7c77825ab552efe7a060fd89683dbbf3949e03fc0,test.png,image/png,0,glioma,0.9998637437820435,2.248908758163452,-2.0357131958007812,-1.8044449090957642,0.0,0.0,0.0,76.0,0.0,0.0
2026-01-20T12:21:13.307703+00:00,ae248fdc7e8b1d8125443bd7c77825ab552efe7a060fd89683dbbf3949e03fc0,test.png,image/png,0,glioma,0.9998637437820435,2.248908758163452,-2.0357131958007812,-1.8044449090957642,0.0,0.0,0.0,76.0,0.0,0.0
2026-01-22T15:04:58.268770+00:00,ae248fdc7e8b1d8125443bd7c77825ab552efe7a060fd89683dbbf3949e03fc0,test.png,image/png,0,glioma,0.9998637437820435,35.88331899663899,2.248908758163452,-2.0357131958007812,-1.8044449090957642,0.0,0.0,0.0,76.0,0.0,0.0
2026-01-22T15:29:00.547205+00:00,ae248fdc7e8b1d8125443bd7c77825ab552efe7a060fd89683dbbf3949e03fc0,test.png,image/png,0,glioma,0.9998637437820435,85.30849599628709,2.248908758163452,-2.0357131958007812,-1.8044449090957642,0.0,0.0,0.0,76.0,0.0,0.0
2026-01-23T11:17:38.572832+00:00,ae248fdc7e8b1d8125443bd7c77825ab552efe7a060fd89683dbbf3949e03fc0,test.png,image/png,0,glioma,0.9998637437820435,34.73385100369342,2.248908758163452,-2.0357131958007812,-1.8044449090957642,0.0,0.0,0.0,76.0,0.0,0.0
2026-01-23T11:17:38.795952+00:00,ae248fdc7e8b1d8125443bd7c77825ab552efe7a060fd89683dbbf3949e03fc0,test.png,image/png,0,glioma,0.9998637437820435,0.22251800692174584,2.248908758163452,-2.0357131958007812,-1.8044449090957642,0.0,0.0,0.0,76.0,0.0,0.0
2026-01-23T11:17:55.292833+00:00,ae248fdc7e8b1d8125443bd7c77825ab552efe7a060fd89683dbbf3949e03fc0,test.png,image/png,0,glioma,0.9998637437820435,2.9901100060669705,2.248908758163452,-2.0357131958007812,-1.8044449090957642,0.0,0.0,0.0,76.0,0.0,0.0
2026-01-23T11:17:55.532866+00:00,ae248fdc7e8b1d8125443bd7c77825ab552efe7a060fd89683dbbf3949e03fc0,test.png,image/png,0,glioma,0.9998637437820435,0.5994259990984574,2.248908758163452,-2.0357131958007812,-1.8044449090957642,0.0,0.0,0.0,76.0,0.0,0.0
